Gene,Cluster
ENSG00000000460,10
ENSG00000001461,7
ENSG00000001497,6
ENSG00000001617,13
ENSG00000001626,16
ENSG00000001630,11
ENSG00000002587,4
ENSG00000002726,15
ENSG00000003137,17
ENSG00000003400,7
ENSG00000003402,9
ENSG00000003989,10
ENSG00000004139,15
ENSG00000004660,17
ENSG00000004838,19
ENSG00000005001,16
ENSG00000005020,13
ENSG00000005187,13
ENSG00000005189,6
ENSG00000005206,13
ENSG00000005238,20
ENSG00000005379,16
ENSG00000005469,5
ENSG00000005483,19
ENSG00000005486,20
ENSG00000005810,17
ENSG00000005882,7
ENSG00000006025,19
ENSG00000006042,6
ENSG00000006062,9
ENSG00000006118,13
ENSG00000006282,13
ENSG00000006327,17
ENSG00000006459,2
ENSG00000006468,17
ENSG00000006534,13
ENSG00000006611,13
ENSG00000006652,2
ENSG00000006695,3
ENSG00000006712,6
ENSG00000006756,15
ENSG00000006788,17
ENSG00000007171,13
ENSG00000007237,5
ENSG00000007255,13
ENSG00000007314,15
ENSG00000007516,7
ENSG00000007944,15
ENSG00000007952,17
ENSG00000007968,14
ENSG00000008086,20
ENSG00000008256,20
ENSG00000008294,2
ENSG00000008323,20
ENSG00000008405,4
ENSG00000008517,15
ENSG00000008710,15
ENSG00000008735,15
ENSG00000008853,13
ENSG00000009954,10
ENSG00000010030,7
ENSG00000010219,8
ENSG00000010292,6
ENSG00000010310,7
ENSG00000010319,7
ENSG00000010322,13
ENSG00000010361,13
ENSG00000010610,15
ENSG00000010704,20
ENSG00000010803,14
ENSG00000010818,3
ENSG00000011105,13
ENSG00000011260,10
ENSG00000011426,6
ENSG00000011590,6
ENSG00000012048,10
ENSG00000012232,19
ENSG00000012779,13
ENSG00000012822,13
ENSG00000013288,13
ENSG00000013364,13
ENSG00000013374,13
ENSG00000013392,20
ENSG00000013563,13
ENSG00000013573,10
ENSG00000013583,2
ENSG00000013588,9
ENSG00000013810,6
ENSG00000014216,7
ENSG00000014257,15
ENSG00000014914,7
ENSG00000015413,15
ENSG00000015520,13
ENSG00000016082,6
ENSG00000016391,17
ENSG00000016402,17
ENSG00000017427,15
ENSG00000018408,9
ENSG00000018699,10
ENSG00000019102,13
ENSG00000019144,11
ENSG00000019485,9
ENSG00000019505,3
ENSG00000019582,20
ENSG00000020181,15
ENSG00000020577,9
ENSG00000020922,6
ENSG00000021300,13
ENSG00000021762,8
ENSG00000022556,15
ENSG00000022567,9
ENSG00000023171,20
ENSG00000023191,17
ENSG00000023445,16
ENSG00000023572,10
ENSG00000023608,15
ENSG00000024526,6
ENSG00000025434,13
ENSG00000025770,10
ENSG00000026025,10
ENSG00000026103,18
ENSG00000026297,13
ENSG00000026508,17
ENSG00000026652,13
ENSG00000026751,11
ENSG00000026950,7
ENSG00000027075,15
ENSG00000027697,15
ENSG00000027869,3
ENSG00000028137,9
ENSG00000029534,5
ENSG00000029639,4
ENSG00000030419,20
ENSG00000030582,13
ENSG00000031691,17
ENSG00000031698,15
ENSG00000032444,13
ENSG00000033030,20
ENSG00000033050,10
ENSG00000033100,20
ENSG00000033170,16
ENSG00000033327,16
ENSG00000033800,20
ENSG00000033867,2
ENSG00000035403,3
ENSG00000035499,6
ENSG00000035664,15
ENSG00000035687,17
ENSG00000035862,15
ENSG00000036672,5
ENSG00000037474,10
ENSG00000037637,19
ENSG00000037897,17
ENSG00000038210,19
ENSG00000039560,17
ENSG00000040275,6
ENSG00000040608,10
ENSG00000041880,13
ENSG00000042286,12
ENSG00000043591,9
ENSG00000044090,13
ENSG00000047346,20
ENSG00000047365,3
ENSG00000047597,3
ENSG00000047634,17
ENSG00000048162,10
ENSG00000048392,11
ENSG00000048471,7
ENSG00000049130,3
ENSG00000049239,13
ENSG00000049249,15
ENSG00000049283,5
ENSG00000049541,10
ENSG00000050165,5
ENSG00000050327,16
ENSG00000050438,7
ENSG00000051108,7
ENSG00000051180,17
ENSG00000051341,6
ENSG00000051523,13
ENSG00000051825,6
ENSG00000052344,13
ENSG00000052749,17
ENSG00000052795,10
ENSG00000052802,11
ENSG00000053254,19
ENSG00000053372,10
ENSG00000053918,13
ENSG00000054179,15
ENSG00000054277,13
ENSG00000054598,5
ENSG00000054793,13
ENSG00000054967,10
ENSG00000054983,15
ENSG00000055044,10
ENSG00000055332,2
ENSG00000055483,3
ENSG00000055955,15
ENSG00000056097,14
ENSG00000056277,14
ENSG00000056736,10
ENSG00000057252,17
ENSG00000057294,13
ENSG00000057657,4
ENSG00000058056,10
ENSG00000058600,17
ENSG00000058668,7
ENSG00000058799,13
ENSG00000058804,6
ENSG00000058866,17
ENSG00000059378,15
ENSG00000059728,19
ENSG00000059804,3
ENSG00000060138,3
ENSG00000060140,9
ENSG00000060339,12
ENSG00000060558,7
ENSG00000060566,11
ENSG00000060749,10
ENSG00000060971,5
ENSG00000060982,13
ENSG00000061273,9
ENSG00000061337,12
ENSG00000063169,20
ENSG00000063176,7
ENSG00000063180,13
ENSG00000063587,17
ENSG00000064270,15
ENSG00000064393,15
ENSG00000064601,13
ENSG00000064651,20
ENSG00000064687,13
ENSG00000064692,16
ENSG00000064787,7
ENSG00000064886,19
ENSG00000065029,7
ENSG00000065054,20
ENSG00000065150,10
ENSG00000065154,7
ENSG00000065183,17
ENSG00000065308,2
ENSG00000065328,10
ENSG00000065357,7
ENSG00000065361,19
ENSG00000065548,10
ENSG00000065618,14
ENSG00000065717,13
ENSG00000065802,9
ENSG00000065809,2
ENSG00000065911,2
ENSG00000065923,16
ENSG00000065978,6
ENSG00000066027,13
ENSG00000066135,20
ENSG00000066248,7
ENSG00000066279,6
ENSG00000066379,4
ENSG00000066468,4
ENSG00000066651,17
ENSG00000066739,20
ENSG00000066855,6
ENSG00000067057,17
ENSG00000067064,5
ENSG00000067066,13
ENSG00000067082,16
ENSG00000067167,15
ENSG00000067191,13
ENSG00000067225,6
ENSG00000067533,10
ENSG00000067798,3
ENSG00000067836,13
ENSG00000067955,3
ENSG00000068024,3
ENSG00000068028,10
ENSG00000068078,20
ENSG00000068079,13
ENSG00000068137,20
ENSG00000068305,2
ENSG00000068438,10
ENSG00000068489,6
ENSG00000068650,2
ENSG00000068697,13
ENSG00000069011,19
ENSG00000069020,13
ENSG00000069275,6
ENSG00000069424,20
ENSG00000069535,6
ENSG00000069702,11
ENSG00000070081,7
ENSG00000070182,13
ENSG00000070423,17
ENSG00000070476,10
ENSG00000070495,6
ENSG00000070526,15
ENSG00000070540,7
ENSG00000070718,17
ENSG00000070731,15
ENSG00000070759,19
ENSG00000070761,17
ENSG00000070785,6
ENSG00000070814,10
ENSG00000070882,17
ENSG00000070950,17
ENSG00000070961,3
ENSG00000071073,15
ENSG00000071242,13
ENSG00000071282,15
ENSG00000071462,10
ENSG00000071537,11
ENSG00000071539,10
ENSG00000071553,20
ENSG00000071575,2
ENSG00000071909,17
ENSG00000072195,13
ENSG00000072201,9
ENSG00000072274,10
ENSG00000072422,13
ENSG00000072501,10
ENSG00000072571,6
ENSG00000072818,7
ENSG00000072864,6
ENSG00000072954,17
ENSG00000073008,9
ENSG00000073067,13
ENSG00000073111,10
ENSG00000073331,7
ENSG00000073464,17
ENSG00000073536,17
ENSG00000073605,13
ENSG00000073711,19
ENSG00000073756,13
ENSG00000073849,2
ENSG00000073910,13
ENSG00000074047,17
ENSG00000074181,20
ENSG00000074219,13
ENSG00000074370,13
ENSG00000074527,16
ENSG00000074582,10
ENSG00000074621,13
ENSG00000074660,15
ENSG00000074696,10
ENSG00000074855,13
ENSG00000074935,13
ENSG00000074964,7
ENSG00000075043,9
ENSG00000075131,10
ENSG00000075151,2
ENSG00000075218,6
ENSG00000075223,13
ENSG00000075234,6
ENSG00000075303,8
ENSG00000075399,13
ENSG00000075407,18
ENSG00000075413,13
ENSG00000075618,11
ENSG00000075643,2
ENSG00000075702,10
ENSG00000075711,15
ENSG00000075826,7
ENSG00000075914,17
ENSG00000075945,17
ENSG00000076003,17
ENSG00000076043,3
ENSG00000076067,9
ENSG00000076248,14
ENSG00000076258,11
ENSG00000076351,2
ENSG00000076382,6
ENSG00000076513,13
ENSG00000076555,8
ENSG00000076716,3
ENSG00000077044,2
ENSG00000077152,10
ENSG00000077312,6
ENSG00000077348,10
ENSG00000077458,8
ENSG00000077514,17
ENSG00000077585,13
ENSG00000078018,15
ENSG00000078070,20
ENSG00000078081,15
ENSG00000078401,9
ENSG00000078804,20
ENSG00000078900,13
ENSG00000079112,13
ENSG00000079134,10
ENSG00000079150,12
ENSG00000079215,11
ENSG00000079308,7
ENSG00000079337,16
ENSG00000079385,2
ENSG00000079459,11
ENSG00000079616,6
ENSG00000079739,7
ENSG00000080031,13
ENSG00000080298,7
ENSG00000080345,17
ENSG00000080493,17
ENSG00000080546,19
ENSG00000080573,2
ENSG00000080608,17
ENSG00000080839,10
ENSG00000080986,6
ENSG00000081041,15
ENSG00000081181,5
ENSG00000081377,13
ENSG00000081479,3
ENSG00000081721,17
ENSG00000081803,15
ENSG00000081870,17
ENSG00000082014,20
ENSG00000082153,6
ENSG00000082269,9
ENSG00000082438,20
ENSG00000082458,9
ENSG00000082497,17
ENSG00000082516,17
ENSG00000082641,2
ENSG00000083168,12
ENSG00000083444,5
ENSG00000083457,6
ENSG00000083635,17
ENSG00000083799,7
ENSG00000083857,17
ENSG00000084070,6
ENSG00000084636,9
ENSG00000084710,8
ENSG00000084731,7
ENSG00000085117,13
ENSG00000085231,4
ENSG00000085274,17
ENSG00000085415,17
ENSG00000085465,7
ENSG00000085552,11
ENSG00000085644,5
ENSG00000085662,6
ENSG00000085721,17
ENSG00000085760,10
ENSG00000085831,13
ENSG00000085840,10
ENSG00000085871,1
ENSG00000085999,10
ENSG00000086015,17
ENSG00000086102,10
ENSG00000086189,10
ENSG00000086200,10
ENSG00000086589,6
ENSG00000086619,11
ENSG00000086696,3
ENSG00000086712,17
ENSG00000086730,1
ENSG00000087008,9
ENSG00000087074,16
ENSG00000087076,15
ENSG00000087095,13
ENSG00000087157,19
ENSG00000087269,10
ENSG00000087586,6
ENSG00000087842,5
ENSG00000088002,11
ENSG00000088053,20
ENSG00000088205,10
ENSG00000088280,7
ENSG00000088325,6
ENSG00000088538,20
ENSG00000088543,7
ENSG00000088727,10
ENSG00000088826,2
ENSG00000088970,18
ENSG00000089006,10
ENSG00000089009,6
ENSG00000089048,17
ENSG00000089060,13
ENSG00000089127,15
ENSG00000089195,10
ENSG00000089225,6
ENSG00000089356,13
ENSG00000089472,15
ENSG00000089682,19
ENSG00000089685,6
ENSG00000089723,9
ENSG00000089820,15
ENSG00000090238,20
ENSG00000090273,10
ENSG00000090339,2
ENSG00000090382,13
ENSG00000090447,17
ENSG00000090554,13
ENSG00000090776,6
ENSG00000090889,6
ENSG00000091073,20
ENSG00000091127,17
ENSG00000091129,9
ENSG00000091136,2
ENSG00000091262,13
ENSG00000091409,2
ENSG00000091436,17
ENSG00000091482,15
ENSG00000091622,8
ENSG00000091651,10
ENSG00000091879,17
ENSG00000091986,15
ENSG00000092010,13
ENSG00000092068,7
ENSG00000092140,6
ENSG00000092208,6
ENSG00000092295,20
ENSG00000092439,20
ENSG00000092470,14
ENSG00000092529,15
ENSG00000092531,13
ENSG00000092758,11
ENSG00000092841,6
ENSG00000092853,10
ENSG00000092964,3
ENSG00000093009,10
ENSG00000094804,10
ENSG00000094841,7
ENSG00000095015,9
ENSG00000095203,2
ENSG00000095370,11
ENSG00000095539,7
ENSG00000095585,15
ENSG00000095637,13
ENSG00000095739,13
ENSG00000095752,17
ENSG00000095787,2
ENSG00000095932,13
ENSG00000095951,9
ENSG00000096060,10
ENSG00000096063,17
ENSG00000096080,17
ENSG00000096088,15
ENSG00000096746,6
ENSG00000097046,10
ENSG00000099194,20
ENSG00000099250,3
ENSG00000099251,11
ENSG00000099282,13
ENSG00000099284,5
ENSG00000099290,11
ENSG00000099308,7
ENSG00000099330,13
ENSG00000099338,13
ENSG00000099365,7
ENSG00000099377,13
ENSG00000099617,15
ENSG00000099625,16
ENSG00000099785,13
ENSG00000099810,17
ENSG00000099834,13
ENSG00000099840,7
ENSG00000099860,17
ENSG00000099875,20
ENSG00000099901,6
ENSG00000099910,13
ENSG00000099953,13
ENSG00000099991,15
ENSG00000099994,4
ENSG00000099999,13
ENSG00000100027,13
ENSG00000100029,10
ENSG00000100031,13
ENSG00000100075,7
ENSG00000100100,13
ENSG00000100116,10
ENSG00000100138,10
ENSG00000100139,15
ENSG00000100154,5
ENSG00000100162,10
ENSG00000100196,13
ENSG00000100219,16
ENSG00000100241,16
ENSG00000100246,13
ENSG00000100284,20
ENSG00000100292,20
ENSG00000100294,10
ENSG00000100296,3
ENSG00000100297,10
ENSG00000100298,13
ENSG00000100299,13
ENSG00000100304,10
ENSG00000100307,7
ENSG00000100321,13
ENSG00000100330,20
ENSG00000100342,13
ENSG00000100346,7
ENSG00000100353,17
ENSG00000100379,13
ENSG00000100401,6
ENSG00000100410,10
ENSG00000100417,20
ENSG00000100418,14
ENSG00000100429,13
ENSG00000100439,19
ENSG00000100462,6
ENSG00000100479,10
ENSG00000100504,13
ENSG00000100522,10
ENSG00000100526,6
ENSG00000100528,17
ENSG00000100575,17
ENSG00000100583,5
ENSG00000100596,13
ENSG00000100612,13
ENSG00000100625,19
ENSG00000100629,10
ENSG00000100664,17
ENSG00000100726,10
ENSG00000100749,10
ENSG00000100767,13
ENSG00000100784,8
ENSG00000100796,10
ENSG00000100802,19
ENSG00000100814,2
ENSG00000100867,7
ENSG00000100906,1
ENSG00000100908,6
ENSG00000100911,7
ENSG00000100918,7
ENSG00000100968,7
ENSG00000100994,2
ENSG00000100997,13
ENSG00000101000,17
ENSG00000101017,13
ENSG00000101057,6
ENSG00000101104,15
ENSG00000101109,9
ENSG00000101115,1
ENSG00000101160,7
ENSG00000101166,10
ENSG00000101187,4
ENSG00000101197,2
ENSG00000101198,1
ENSG00000101204,11
ENSG00000101224,6
ENSG00000101236,9
ENSG00000101255,15
ENSG00000101266,17
ENSG00000101276,16
ENSG00000101310,6
ENSG00000101311,17
ENSG00000101333,2
ENSG00000101335,3
ENSG00000101342,16
ENSG00000101347,15
ENSG00000101361,10
ENSG00000101384,4
ENSG00000101412,14
ENSG00000101417,5
ENSG00000101447,6
ENSG00000101574,18
ENSG00000101577,13
ENSG00000101596,3
ENSG00000101605,13
ENSG00000101665,17
ENSG00000101670,7
ENSG00000101680,20
ENSG00000101773,14
ENSG00000101846,15
ENSG00000101849,7
ENSG00000101868,10
ENSG00000101871,16
ENSG00000101945,10
ENSG00000101951,13
ENSG00000101974,15
ENSG00000101986,13
ENSG00000102024,6
ENSG00000102030,10
ENSG00000102032,13
ENSG00000102043,5
ENSG00000102103,10
ENSG00000102181,15
ENSG00000102221,20
ENSG00000102243,13
ENSG00000102316,13
ENSG00000102384,6
ENSG00000102401,20
ENSG00000102531,13
ENSG00000102547,7
ENSG00000102554,7
ENSG00000102595,3
ENSG00000102678,20
ENSG00000102738,10
ENSG00000102743,17
ENSG00000102780,3
ENSG00000102786,19
ENSG00000102796,15
ENSG00000102804,16
ENSG00000102878,16
ENSG00000102882,7
ENSG00000102886,20
ENSG00000102897,3
ENSG00000102934,9
ENSG00000102967,17
ENSG00000102984,20
ENSG00000102996,2
ENSG00000103024,13
ENSG00000103037,17
ENSG00000103044,3
ENSG00000103056,7
ENSG00000103089,11
ENSG00000103121,10
ENSG00000103126,3
ENSG00000103145,13
ENSG00000103184,7
ENSG00000103196,12
ENSG00000103227,15
ENSG00000103257,15
ENSG00000103260,11
ENSG00000103381,20
ENSG00000103404,3
ENSG00000103423,17
ENSG00000103460,2
ENSG00000103507,11
ENSG00000103534,9
ENSG00000103540,8
ENSG00000103550,17
ENSG00000103642,16
ENSG00000103811,13
ENSG00000103855,20
ENSG00000103888,3
ENSG00000103932,6
ENSG00000103995,10
ENSG00000104064,10
ENSG00000104081,19
ENSG00000104093,3
ENSG00000104131,10
ENSG00000104142,12
ENSG00000104147,6
ENSG00000104154,19
ENSG00000104213,7
ENSG00000104228,3
ENSG00000104231,2
ENSG00000104267,17
ENSG00000104325,13
ENSG00000104331,17
ENSG00000104361,7
ENSG00000104368,4
ENSG00000104413,16
ENSG00000104419,7
ENSG00000104427,2
ENSG00000104442,6
ENSG00000104450,17
ENSG00000104472,17
ENSG00000104518,13
ENSG00000104549,11
ENSG00000104635,20
ENSG00000104689,17
ENSG00000104738,10
ENSG00000104783,5
ENSG00000104805,13
ENSG00000104808,13
ENSG00000104812,11
ENSG00000104814,15
ENSG00000104823,13
ENSG00000104824,6
ENSG00000104825,10
ENSG00000104856,2
ENSG00000104870,13
ENSG00000104872,10
ENSG00000104883,13
ENSG00000104884,11
ENSG00000104888,7
ENSG00000104889,10
ENSG00000104907,17
ENSG00000104946,11
ENSG00000104960,11
ENSG00000104964,7
ENSG00000104973,20
ENSG00000104980,2
ENSG00000105048,13
ENSG00000105088,15
ENSG00000105173,14
ENSG00000105185,10
ENSG00000105193,6
ENSG00000105197,10
ENSG00000105202,6
ENSG00000105270,13
ENSG00000105281,2
ENSG00000105289,7
ENSG00000105290,13
ENSG00000105327,20
ENSG00000105339,20
ENSG00000105357,13
ENSG00000105371,13
ENSG00000105376,7
ENSG00000105379,5
ENSG00000105388,14
ENSG00000105398,11
ENSG00000105402,5
ENSG00000105404,7
ENSG00000105419,13
ENSG00000105427,13
ENSG00000105447,10
ENSG00000105479,16
ENSG00000105492,3
ENSG00000105497,8
ENSG00000105499,15
ENSG00000105514,7
ENSG00000105516,20
ENSG00000105519,13
ENSG00000105520,7
ENSG00000105523,13
ENSG00000105538,13
ENSG00000105550,15
ENSG00000105559,13
ENSG00000105617,14
ENSG00000105643,16
ENSG00000105647,13
ENSG00000105649,11
ENSG00000105707,15
ENSG00000105717,3
ENSG00000105737,2
ENSG00000105738,15
ENSG00000105808,13
ENSG00000105821,10
ENSG00000105835,9
ENSG00000105865,9
ENSG00000105866,17
ENSG00000105926,17
ENSG00000105928,11
ENSG00000105929,7
ENSG00000105939,17
ENSG00000105948,10
ENSG00000105968,6
ENSG00000105974,11
ENSG00000105976,3
ENSG00000105982,13
ENSG00000106003,12
ENSG00000106025,7
ENSG00000106028,6
ENSG00000106069,17
ENSG00000106070,15
ENSG00000106077,3
ENSG00000106105,15
ENSG00000106123,17
ENSG00000106125,17
ENSG00000106211,11
ENSG00000106246,2
ENSG00000106258,13
ENSG00000106268,6
ENSG00000106305,10
ENSG00000106330,7
ENSG00000106333,7
ENSG00000106344,10
ENSG00000106351,19
ENSG00000106366,17
ENSG00000106367,5
ENSG00000106384,15
ENSG00000106392,9
ENSG00000106415,12
ENSG00000106477,17
ENSG00000106479,7
ENSG00000106524,7
ENSG00000106526,1
ENSG00000106537,13
ENSG00000106538,7
ENSG00000106546,13
ENSG00000106554,10
ENSG00000106628,10
ENSG00000106631,2
ENSG00000106665,7
ENSG00000106686,7
ENSG00000106701,3
ENSG00000106785,16
ENSG00000106799,15
ENSG00000106804,16
ENSG00000106823,15
ENSG00000106829,3
ENSG00000106948,15
ENSG00000107099,20
ENSG00000107104,20
ENSG00000107130,17
ENSG00000107201,16
ENSG00000107223,15
ENSG00000107249,17
ENSG00000107331,13
ENSG00000107338,3
ENSG00000107404,4
ENSG00000107438,2
ENSG00000107443,3
ENSG00000107537,13
ENSG00000107551,13
ENSG00000107566,17
ENSG00000107581,17
ENSG00000107614,10
ENSG00000107625,4
ENSG00000107719,3
ENSG00000107731,15
ENSG00000107798,7
ENSG00000107815,17
ENSG00000107821,20
ENSG00000107833,6
ENSG00000107864,20
ENSG00000107882,11
ENSG00000107902,15
ENSG00000107937,17
ENSG00000107968,13
ENSG00000107984,16
ENSG00000108010,6
ENSG00000108021,17
ENSG00000108055,10
ENSG00000108064,10
ENSG00000108106,10
ENSG00000108179,10
ENSG00000108187,15
ENSG00000108352,20
ENSG00000108370,6
ENSG00000108384,6
ENSG00000108387,19
ENSG00000108551,2
ENSG00000108559,6
ENSG00000108561,6
ENSG00000108602,20
ENSG00000108651,17
ENSG00000108679,15
ENSG00000108771,13
ENSG00000108788,4
ENSG00000108797,13
ENSG00000108813,7
ENSG00000108829,10
ENSG00000108840,13
ENSG00000108852,11
ENSG00000108960,9
ENSG00000108961,6
ENSG00000108984,20
ENSG00000109062,11
ENSG00000109084,6
ENSG00000109101,19
ENSG00000109103,20
ENSG00000109107,7
ENSG00000109205,20
ENSG00000109436,13
ENSG00000109452,2
ENSG00000109458,20
ENSG00000109466,2
ENSG00000109519,10
ENSG00000109534,17
ENSG00000109572,7
ENSG00000109576,17
ENSG00000109618,20
ENSG00000109674,6
ENSG00000109685,10
ENSG00000109686,2
ENSG00000109762,4
ENSG00000109787,16
ENSG00000109790,2
ENSG00000109805,6
ENSG00000109814,5
ENSG00000109846,13
ENSG00000109881,6
ENSG00000109929,19
ENSG00000110002,13
ENSG00000110011,13
ENSG00000110013,15
ENSG00000110042,20
ENSG00000110046,11
ENSG00000110057,15
ENSG00000110063,6
ENSG00000110080,5
ENSG00000110092,3
ENSG00000110104,10
ENSG00000110108,10
ENSG00000110195,13
ENSG00000110237,13
ENSG00000110274,18
ENSG00000110315,13
ENSG00000110375,13
ENSG00000110400,5
ENSG00000110446,15
ENSG00000110455,13
ENSG00000110492,13
ENSG00000110628,13
ENSG00000110651,13
ENSG00000110660,17
ENSG00000110719,11
ENSG00000110723,17
ENSG00000110841,2
ENSG00000110876,11
ENSG00000110881,13
ENSG00000110888,9
ENSG00000110921,5
ENSG00000110944,17
ENSG00000111012,17
ENSG00000111057,3
ENSG00000111077,15
ENSG00000111087,7
ENSG00000111110,15
ENSG00000111196,10
ENSG00000111206,6
ENSG00000111231,6
ENSG00000111247,6
ENSG00000111266,16
ENSG00000111276,11
ENSG00000111300,10
ENSG00000111319,13
ENSG00000111331,2
ENSG00000111335,13
ENSG00000111348,12
ENSG00000111358,14
ENSG00000111364,17
ENSG00000111371,2
ENSG00000111412,20
ENSG00000111424,6
ENSG00000111445,10
ENSG00000111450,17
ENSG00000111490,17
ENSG00000111540,20
ENSG00000111581,6
ENSG00000111641,10
ENSG00000111653,20
ENSG00000111665,6
ENSG00000111678,6
ENSG00000111684,13
ENSG00000111696,17
ENSG00000111700,4
ENSG00000111726,13
ENSG00000111788,10
ENSG00000111801,13
ENSG00000111817,8
ENSG00000111845,17
ENSG00000111859,9
ENSG00000111860,1
ENSG00000111885,7
ENSG00000111913,19
ENSG00000111962,13
ENSG00000112029,17
ENSG00000112031,17
ENSG00000112053,15
ENSG00000112078,3
ENSG00000112079,7
ENSG00000112110,6
ENSG00000112118,17
ENSG00000112149,17
ENSG00000112159,17
ENSG00000112186,1
ENSG00000112212,13
ENSG00000112242,3
ENSG00000112245,14
ENSG00000112293,13
ENSG00000112294,13
ENSG00000112297,20
ENSG00000112306,6
ENSG00000112312,10
ENSG00000112343,20
ENSG00000112365,17
ENSG00000112414,3
ENSG00000112419,15
ENSG00000112473,20
ENSG00000112494,15
ENSG00000112511,16
ENSG00000112514,5
ENSG00000112559,17
ENSG00000112576,3
ENSG00000112578,17
ENSG00000112651,10
ENSG00000112655,13
ENSG00000112701,8
ENSG00000112715,15
ENSG00000112742,6
ENSG00000112759,10
ENSG00000112773,19
ENSG00000112782,15
ENSG00000112851,13
ENSG00000112852,5
ENSG00000112877,17
ENSG00000112902,13
ENSG00000112972,5
ENSG00000112984,6
ENSG00000113013,14
ENSG00000113070,2
ENSG00000113108,13
ENSG00000113119,15
ENSG00000113161,5
ENSG00000113300,19
ENSG00000113356,10
ENSG00000113369,19
ENSG00000113407,15
ENSG00000113448,16
ENSG00000113460,17
ENSG00000113504,16
ENSG00000113552,19
ENSG00000113569,10
ENSG00000113594,2
ENSG00000113645,9
ENSG00000113657,20
ENSG00000113712,15
ENSG00000113739,15
ENSG00000113742,9
ENSG00000113790,11
ENSG00000113810,6
ENSG00000114113,13
ENSG00000114120,13
ENSG00000114166,7
ENSG00000114268,11
ENSG00000114315,7
ENSG00000114346,17
ENSG00000114353,11
ENSG00000114378,7
ENSG00000114395,6
ENSG00000114446,13
ENSG00000114455,11
ENSG00000114541,13
ENSG00000114626,13
ENSG00000114656,7
ENSG00000114670,16
ENSG00000114686,10
ENSG00000114737,13
ENSG00000114767,10
ENSG00000114770,11
ENSG00000114784,12
ENSG00000114796,13
ENSG00000114805,7
ENSG00000114841,2
ENSG00000114854,13
ENSG00000114933,14
ENSG00000114942,10
ENSG00000115053,10
ENSG00000115107,11
ENSG00000115129,20
ENSG00000115163,6
ENSG00000115183,3
ENSG00000115221,3
ENSG00000115233,6
ENSG00000115241,10
ENSG00000115255,13
ENSG00000115257,13
ENSG00000115266,1
ENSG00000115267,13
ENSG00000115271,13
ENSG00000115290,3
ENSG00000115295,13
ENSG00000115306,2
ENSG00000115318,17
ENSG00000115325,20
ENSG00000115339,15
ENSG00000115350,10
ENSG00000115355,6
ENSG00000115368,10
ENSG00000115386,15
ENSG00000115415,15
ENSG00000115419,17
ENSG00000115423,7
ENSG00000115457,13
ENSG00000115461,4
ENSG00000115507,12
ENSG00000115525,7
ENSG00000115568,10
ENSG00000115594,16
ENSG00000115596,20
ENSG00000115616,9
ENSG00000115641,9
ENSG00000115648,13
ENSG00000115738,16
ENSG00000115758,10
ENSG00000115761,17
ENSG00000115840,6
ENSG00000115875,17
ENSG00000115902,2
ENSG00000115904,19
ENSG00000115946,17
ENSG00000115963,9
ENSG00000116005,19
ENSG00000116062,17
ENSG00000116096,18
ENSG00000116106,4
ENSG00000116117,15
ENSG00000116120,10
ENSG00000116127,17
ENSG00000116128,20
ENSG00000116133,5
ENSG00000116171,13
ENSG00000116191,20
ENSG00000116221,6
ENSG00000116285,9
ENSG00000116299,5
ENSG00000116337,1
ENSG00000116396,3
ENSG00000116406,9
ENSG00000116455,6
ENSG00000116574,20
ENSG00000116584,13
ENSG00000116649,10
ENSG00000116663,7
ENSG00000116667,17
ENSG00000116668,7
ENSG00000116679,3
ENSG00000116701,10
ENSG00000116717,16
ENSG00000116750,10
ENSG00000116761,13
ENSG00000116774,13
ENSG00000116791,5
ENSG00000116793,20
ENSG00000116830,6
ENSG00000116833,20
ENSG00000116852,15
ENSG00000116885,20
ENSG00000116922,10
ENSG00000116962,15
ENSG00000117009,11
ENSG00000117016,13
ENSG00000117054,15
ENSG00000117143,17
ENSG00000117174,4
ENSG00000117226,13
ENSG00000117228,15
ENSG00000117266,13
ENSG00000117298,17
ENSG00000117305,13
ENSG00000117318,5
ENSG00000117385,13
ENSG00000117394,3
ENSG00000117395,10
ENSG00000117399,6
ENSG00000117461,19
ENSG00000117472,15
ENSG00000117479,19
ENSG00000117505,9
ENSG00000117519,7
ENSG00000117525,4
ENSG00000117597,17
ENSG00000117625,19
ENSG00000117643,11
ENSG00000117650,6
ENSG00000117691,13
ENSG00000117707,16
ENSG00000117724,6
ENSG00000117877,17
ENSG00000117984,13
ENSG00000118137,15
ENSG00000118193,6
ENSG00000118194,15
ENSG00000118246,10
ENSG00000118257,20
ENSG00000118276,9
ENSG00000118292,15
ENSG00000118322,15
ENSG00000118369,11
ENSG00000118418,5
ENSG00000118496,16
ENSG00000118503,16
ENSG00000118508,9
ENSG00000118513,10
ENSG00000118515,4
ENSG00000118523,9
ENSG00000118600,17
ENSG00000118620,10
ENSG00000118640,11
ENSG00000118655,10
ENSG00000118690,18
ENSG00000118804,19
ENSG00000118894,17
ENSG00000118939,6
ENSG00000118960,7
ENSG00000118985,18
ENSG00000119125,4
ENSG00000119138,13
ENSG00000119139,9
ENSG00000119227,15
ENSG00000119285,10
ENSG00000119326,17
ENSG00000119333,10
ENSG00000119397,20
ENSG00000119403,5
ENSG00000119408,3
ENSG00000119431,20
ENSG00000119547,6
ENSG00000119632,13
ENSG00000119636,16
ENSG00000119640,6
ENSG00000119655,7
ENSG00000119681,15
ENSG00000119686,19
ENSG00000119699,15
ENSG00000119711,7
ENSG00000119772,7
ENSG00000119782,13
ENSG00000119787,17
ENSG00000119801,13
ENSG00000119862,7
ENSG00000119899,8
ENSG00000119900,2
ENSG00000119917,8
ENSG00000119922,8
ENSG00000119943,13
ENSG00000119965,8
ENSG00000119969,10
ENSG00000120053,6
ENSG00000120068,9
ENSG00000120149,7
ENSG00000120158,17
ENSG00000120162,3
ENSG00000120217,2
ENSG00000120254,14
ENSG00000120262,13
ENSG00000120306,15
ENSG00000120324,7
ENSG00000120328,15
ENSG00000120334,10
ENSG00000120341,15
ENSG00000120437,5
ENSG00000120526,17
ENSG00000120539,10
ENSG00000120549,7
ENSG00000120647,18
ENSG00000120675,13
ENSG00000120685,2
ENSG00000120696,20
ENSG00000120699,10
ENSG00000120705,10
ENSG00000120708,17
ENSG00000120738,9
ENSG00000120800,10
ENSG00000120802,6
ENSG00000120832,19
ENSG00000120833,16
ENSG00000120837,10
ENSG00000120868,20
ENSG00000120875,9
ENSG00000120889,14
ENSG00000120915,7
ENSG00000120937,9
ENSG00000120942,17
ENSG00000121057,17
ENSG00000121060,2
ENSG00000121075,11
ENSG00000121089,6
ENSG00000121104,19
ENSG00000121152,6
ENSG00000121210,16
ENSG00000121211,10
ENSG00000121236,18
ENSG00000121316,13
ENSG00000121350,10
ENSG00000121380,13
ENSG00000121552,17
ENSG00000121579,10
ENSG00000121621,6
ENSG00000121691,7
ENSG00000121775,14
ENSG00000121797,3
ENSG00000121851,16
ENSG00000121858,15
ENSG00000121895,4
ENSG00000121897,10
ENSG00000121957,6
ENSG00000121988,6
ENSG00000121989,20
ENSG00000122034,10
ENSG00000122035,20
ENSG00000122140,10
ENSG00000122176,13
ENSG00000122359,20
ENSG00000122367,16
ENSG00000122378,17
ENSG00000122390,20
ENSG00000122406,6
ENSG00000122435,4
ENSG00000122483,6
ENSG00000122566,6
ENSG00000122643,17
ENSG00000122644,12
ENSG00000122687,17
ENSG00000122694,7
ENSG00000122711,4
ENSG00000122729,7
ENSG00000122779,19
ENSG00000122783,3
ENSG00000122786,14
ENSG00000122863,19
ENSG00000122877,2
ENSG00000122952,6
ENSG00000122966,6
ENSG00000122971,13
ENSG00000123080,6
ENSG00000123104,7
ENSG00000123124,3
ENSG00000123136,6
ENSG00000123179,19
ENSG00000123191,13
ENSG00000123201,15
ENSG00000123219,6
ENSG00000123268,17
ENSG00000123342,13
ENSG00000123358,9
ENSG00000123364,6
ENSG00000123384,13
ENSG00000123405,20
ENSG00000123411,6
ENSG00000123416,6
ENSG00000123453,15
ENSG00000123485,6
ENSG00000123505,10
ENSG00000123545,17
ENSG00000123560,15
ENSG00000123600,10
ENSG00000123609,13
ENSG00000123700,4
ENSG00000123737,10
ENSG00000123739,10
ENSG00000123843,2
ENSG00000123908,17
ENSG00000123933,20
ENSG00000123975,6
ENSG00000124098,13
ENSG00000124104,7
ENSG00000124126,7
ENSG00000124181,14
ENSG00000124201,13
ENSG00000124205,19
ENSG00000124207,6
ENSG00000124216,4
ENSG00000124299,19
ENSG00000124406,13
ENSG00000124429,7
ENSG00000124466,17
ENSG00000124467,13
ENSG00000124508,11
ENSG00000124549,20
ENSG00000124571,3
ENSG00000124593,13
ENSG00000124596,20
ENSG00000124602,20
ENSG00000124615,7
ENSG00000124701,7
ENSG00000124762,19
ENSG00000124766,15
ENSG00000124784,10
ENSG00000124787,10
ENSG00000124789,10
ENSG00000124795,10
ENSG00000124802,10
ENSG00000124813,17
ENSG00000124831,5
ENSG00000124839,7
ENSG00000124920,7
ENSG00000125089,20
ENSG00000125148,6
ENSG00000125170,7
ENSG00000125207,17
ENSG00000125247,15
ENSG00000125266,4
ENSG00000125285,4
ENSG00000125319,10
ENSG00000125347,13
ENSG00000125378,16
ENSG00000125398,16
ENSG00000125434,20
ENSG00000125454,10
ENSG00000125485,17
ENSG00000125510,13
ENSG00000125618,19
ENSG00000125630,17
ENSG00000125637,20
ENSG00000125648,13
ENSG00000125652,7
ENSG00000125686,14
ENSG00000125730,16
ENSG00000125731,3
ENSG00000125740,4
ENSG00000125744,7
ENSG00000125775,11
ENSG00000125798,16
ENSG00000125821,14
ENSG00000125826,15
ENSG00000125835,6
ENSG00000125844,13
ENSG00000125845,9
ENSG00000125848,16
ENSG00000125863,6
ENSG00000125864,10
ENSG00000125870,10
ENSG00000125871,10
ENSG00000125872,17
ENSG00000125885,10
ENSG00000125944,6
ENSG00000125968,4
ENSG00000125995,5
ENSG00000125999,15
ENSG00000126005,13
ENSG00000126016,7
ENSG00000126091,1
ENSG00000126106,13
ENSG00000126107,7
ENSG00000126215,10
ENSG00000126216,17
ENSG00000126218,15
ENSG00000126249,10
ENSG00000126261,10
ENSG00000126351,7
ENSG00000126368,3
ENSG00000126453,6
ENSG00000126457,6
ENSG00000126460,7
ENSG00000126524,17
ENSG00000126583,13
ENSG00000126602,10
ENSG00000126705,20
ENSG00000126709,15
ENSG00000126749,10
ENSG00000126773,3
ENSG00000126785,2
ENSG00000126787,6
ENSG00000126803,5
ENSG00000126822,9
ENSG00000126878,16
ENSG00000126953,17
ENSG00000127084,20
ENSG00000127129,20
ENSG00000127152,19
ENSG00000127324,2
ENSG00000127329,9
ENSG00000127337,17
ENSG00000127419,13
ENSG00000127423,17
ENSG00000127481,3
ENSG00000127528,20
ENSG00000127561,13
ENSG00000127564,10
ENSG00000127586,6
ENSG00000127603,3
ENSG00000127663,20
ENSG00000127824,6
ENSG00000127838,13
ENSG00000127863,20
ENSG00000127870,10
ENSG00000127947,9
ENSG00000127995,19
ENSG00000128011,20
ENSG00000128045,3
ENSG00000128059,17
ENSG00000128203,16
ENSG00000128228,5
ENSG00000128268,7
ENSG00000128283,9
ENSG00000128284,13
ENSG00000128335,20
ENSG00000128394,13
ENSG00000128510,19
ENSG00000128512,10
ENSG00000128536,7
ENSG00000128567,20
ENSG00000128591,17
ENSG00000128596,11
ENSG00000128641,3
ENSG00000128655,16
ENSG00000128692,2
ENSG00000128708,6
ENSG00000128739,20
ENSG00000128923,16
ENSG00000128944,6
ENSG00000129007,15
ENSG00000129028,19
ENSG00000129173,10
ENSG00000129195,6
ENSG00000129219,20
ENSG00000129226,13
ENSG00000129292,18
ENSG00000129347,10
ENSG00000129353,19
ENSG00000129355,6
ENSG00000129422,19
ENSG00000129437,10
ENSG00000129451,15
ENSG00000129455,15
ENSG00000129460,10
ENSG00000129473,8
ENSG00000129484,6
ENSG00000129493,13
ENSG00000129514,11
ENSG00000129521,9
ENSG00000129534,6
ENSG00000129538,15
ENSG00000129595,13
ENSG00000129646,1
ENSG00000129680,17
ENSG00000129757,20
ENSG00000129810,6
ENSG00000129910,11
ENSG00000129911,3
ENSG00000129932,10
ENSG00000129946,13
ENSG00000130005,20
ENSG00000130066,16
ENSG00000130147,9
ENSG00000130159,6
ENSG00000130164,4
ENSG00000130193,10
ENSG00000130202,13
ENSG00000130203,15
ENSG00000130204,10
ENSG00000130208,13
ENSG00000130255,6
ENSG00000130270,20
ENSG00000130303,15
ENSG00000130304,13
ENSG00000130305,17
ENSG00000130429,12
ENSG00000130433,2
ENSG00000130449,13
ENSG00000130487,15
ENSG00000130513,13
ENSG00000130517,17
ENSG00000130518,7
ENSG00000130529,13
ENSG00000130589,13
ENSG00000130590,16
ENSG00000130600,13
ENSG00000130653,15
ENSG00000130675,7
ENSG00000130700,20
ENSG00000130701,19
ENSG00000130702,13
ENSG00000130706,10
ENSG00000130713,10
ENSG00000130725,10
ENSG00000130766,8
ENSG00000130810,17
ENSG00000130813,13
ENSG00000130816,10
ENSG00000130826,10
ENSG00000130830,20
ENSG00000130844,13
ENSG00000130940,19
ENSG00000130956,7
ENSG00000130962,16
ENSG00000130988,13
ENSG00000131018,20
ENSG00000131019,10
ENSG00000131023,8
ENSG00000131061,5
ENSG00000131069,11
ENSG00000131080,11
ENSG00000131089,11
ENSG00000131094,11
ENSG00000131153,10
ENSG00000131171,13
ENSG00000131187,17
ENSG00000131188,3
ENSG00000131203,4
ENSG00000131236,10
ENSG00000131242,11
ENSG00000131351,10
ENSG00000131368,10
ENSG00000131370,7
ENSG00000131398,13
ENSG00000131400,19
ENSG00000131409,7
ENSG00000131459,6
ENSG00000131469,6
ENSG00000131470,17
ENSG00000131480,10
ENSG00000131495,19
ENSG00000131650,13
ENSG00000131724,15
ENSG00000131746,3
ENSG00000131747,6
ENSG00000131779,20
ENSG00000131781,7
ENSG00000131788,11
ENSG00000131791,13
ENSG00000131873,3
ENSG00000131899,7
ENSG00000131944,6
ENSG00000131979,3
ENSG00000132016,17
ENSG00000132031,6
ENSG00000132109,7
ENSG00000132170,9
ENSG00000132196,11
ENSG00000132274,13
ENSG00000132326,3
ENSG00000132329,20
ENSG00000132341,10
ENSG00000132357,19
ENSG00000132359,9
ENSG00000132361,10
ENSG00000132382,17
ENSG00000132423,6
ENSG00000132436,17
ENSG00000132475,6
ENSG00000132481,9
ENSG00000132507,6
ENSG00000132510,7
ENSG00000132530,15
ENSG00000132535,13
ENSG00000132561,7
ENSG00000132589,15
ENSG00000132600,3
ENSG00000132603,17
ENSG00000132646,10
ENSG00000132661,17
ENSG00000132688,17
ENSG00000132744,13
ENSG00000132746,11
ENSG00000132768,17
ENSG00000132793,7
ENSG00000132801,19
ENSG00000132824,2
ENSG00000132825,7
ENSG00000132832,13
ENSG00000132906,7
ENSG00000132915,15
ENSG00000132932,6
ENSG00000132953,10
ENSG00000132967,6
ENSG00000133030,3
ENSG00000133048,2
ENSG00000133067,13
ENSG00000133106,13
ENSG00000133119,10
ENSG00000133121,5
ENSG00000133131,17
ENSG00000133135,3
ENSG00000133195,15
ENSG00000133216,2
ENSG00000133247,20
ENSG00000133265,6
ENSG00000133302,10
ENSG00000133316,10
ENSG00000133321,13
ENSG00000133424,17
ENSG00000133460,7
ENSG00000133466,13
ENSG00000133519,11
ENSG00000133639,13
ENSG00000133641,17
ENSG00000133706,2
ENSG00000133710,17
ENSG00000133740,9
ENSG00000133773,3
ENSG00000133805,13
ENSG00000133816,3
ENSG00000133874,8
ENSG00000133935,11
ENSG00000133943,13
ENSG00000133980,20
ENSG00000134001,10
ENSG00000134030,13
ENSG00000134057,6
ENSG00000134107,4
ENSG00000134138,14
ENSG00000134198,3
ENSG00000134222,6
ENSG00000134242,15
ENSG00000134253,8
ENSG00000134258,13
ENSG00000134262,5
ENSG00000134294,15
ENSG00000134318,3
ENSG00000134321,13
ENSG00000134323,3
ENSG00000134326,15
ENSG00000134333,6
ENSG00000134352,15
ENSG00000134363,20
ENSG00000134419,6
ENSG00000134440,15
ENSG00000134480,10
ENSG00000134531,3
ENSG00000134569,17
ENSG00000134627,15
ENSG00000134684,15
ENSG00000134690,6
ENSG00000134697,10
ENSG00000134716,3
ENSG00000134717,3
ENSG00000134755,20
ENSG00000134758,14
ENSG00000134759,17
ENSG00000134769,13
ENSG00000134780,7
ENSG00000134809,10
ENSG00000134815,10
ENSG00000134824,6
ENSG00000134827,10
ENSG00000134852,17
ENSG00000134864,15
ENSG00000134899,19
ENSG00000134954,3
ENSG00000134986,15
ENSG00000134987,17
ENSG00000135045,6
ENSG00000135046,10
ENSG00000135052,2
ENSG00000135063,9
ENSG00000135069,15
ENSG00000135093,19
ENSG00000135100,7
ENSG00000135114,8
ENSG00000135245,17
ENSG00000135253,13
ENSG00000135269,9
ENSG00000135297,10
ENSG00000135316,10
ENSG00000135334,19
ENSG00000135338,8
ENSG00000135362,9
ENSG00000135365,7
ENSG00000135372,10
ENSG00000135406,19
ENSG00000135437,7
ENSG00000135451,6
ENSG00000135452,13
ENSG00000135476,6
ENSG00000135506,13
ENSG00000135519,13
ENSG00000135521,10
ENSG00000135549,6
ENSG00000135597,3
ENSG00000135604,13
ENSG00000135679,12
ENSG00000135697,20
ENSG00000135709,11
ENSG00000135736,20
ENSG00000135763,17
ENSG00000135766,16
ENSG00000135821,13
ENSG00000135824,19
ENSG00000135828,20
ENSG00000135862,15
ENSG00000135899,7
ENSG00000135913,14
ENSG00000135924,11
ENSG00000135926,9
ENSG00000135960,3
ENSG00000136003,11
ENSG00000136021,13
ENSG00000136052,7
ENSG00000136059,13
ENSG00000136068,2
ENSG00000136098,3
ENSG00000136104,10
ENSG00000136108,6
ENSG00000136111,13
ENSG00000136122,6
ENSG00000136141,9
ENSG00000136143,6
ENSG00000136147,13
ENSG00000136156,13
ENSG00000136158,16
ENSG00000136159,10
ENSG00000136169,20
ENSG00000136205,5
ENSG00000136213,20
ENSG00000136237,3
ENSG00000136247,2
ENSG00000136261,10
ENSG00000136270,17
ENSG00000136305,15
ENSG00000136367,7
ENSG00000136379,9
ENSG00000136383,5
ENSG00000136450,10
ENSG00000136451,9
ENSG00000136492,10
ENSG00000136518,10
ENSG00000136574,5
ENSG00000136603,9
ENSG00000136628,15
ENSG00000136689,19
ENSG00000136718,10
ENSG00000136720,14
ENSG00000136783,11
ENSG00000136802,4
ENSG00000136811,6
ENSG00000136813,17
ENSG00000136824,6
ENSG00000136826,9
ENSG00000136828,3
ENSG00000136842,20
ENSG00000136848,20
ENSG00000136854,9
ENSG00000136856,20
ENSG00000136861,10
ENSG00000136866,12
ENSG00000136867,19
ENSG00000136869,3
ENSG00000136875,10
ENSG00000136883,13
ENSG00000136895,15
ENSG00000136925,15
ENSG00000136933,10
ENSG00000136938,10
ENSG00000136942,6
ENSG00000136943,5
ENSG00000136950,3
ENSG00000136982,17
ENSG00000136997,9
ENSG00000137038,10
ENSG00000137054,10
ENSG00000137070,20
ENSG00000137090,5
ENSG00000137094,11
ENSG00000137103,13
ENSG00000137135,6
ENSG00000137154,6
ENSG00000137168,6
ENSG00000137171,7
ENSG00000137193,9
ENSG00000137203,10
ENSG00000137266,20
ENSG00000137274,15
ENSG00000137275,12
ENSG00000137309,6
ENSG00000137310,10
ENSG00000137331,4
ENSG00000137337,6
ENSG00000137338,10
ENSG00000137364,13
ENSG00000137393,15
ENSG00000137440,11
ENSG00000137460,3
ENSG00000137474,7
ENSG00000137486,11
ENSG00000137491,15
ENSG00000137496,14
ENSG00000137501,2
ENSG00000137509,13
ENSG00000137513,3
ENSG00000137522,14
ENSG00000137547,10
ENSG00000137561,12
ENSG00000137575,6
ENSG00000137628,15
ENSG00000137648,10
ENSG00000137692,17
ENSG00000137693,9
ENSG00000137699,11
ENSG00000137709,7
ENSG00000137714,15
ENSG00000137747,20
ENSG00000137760,10
ENSG00000137767,11
ENSG00000137776,6
ENSG00000137801,3
ENSG00000137802,11
ENSG00000137804,6
ENSG00000137807,10
ENSG00000137812,6
ENSG00000137819,2
ENSG00000137821,6
ENSG00000137822,6
ENSG00000137825,3
ENSG00000137831,17
ENSG00000137834,4
ENSG00000137843,11
ENSG00000137845,13
ENSG00000137857,13
ENSG00000137876,15
ENSG00000137877,2
ENSG00000137955,17
ENSG00000137959,15
ENSG00000137962,3
ENSG00000137965,13
ENSG00000137970,6
ENSG00000138002,7
ENSG00000138031,14
ENSG00000138035,17
ENSG00000138074,10
ENSG00000138079,3
ENSG00000138080,3
ENSG00000138092,10
ENSG00000138095,10
ENSG00000138101,13
ENSG00000138119,15
ENSG00000138134,4
ENSG00000138138,2
ENSG00000138160,6
ENSG00000138182,6
ENSG00000138193,3
ENSG00000138316,15
ENSG00000138336,12
ENSG00000138346,10
ENSG00000138380,13
ENSG00000138386,9
ENSG00000138434,9
ENSG00000138442,10
ENSG00000138449,19
ENSG00000138463,13
ENSG00000138496,7
ENSG00000138587,10
ENSG00000138604,18
ENSG00000138613,13
ENSG00000138617,20
ENSG00000138623,10
ENSG00000138639,8
ENSG00000138660,2
ENSG00000138668,6
ENSG00000138670,2
ENSG00000138678,3
ENSG00000138709,17
ENSG00000138744,6
ENSG00000138755,8
ENSG00000138760,13
ENSG00000138764,20
ENSG00000138771,13
ENSG00000138778,6
ENSG00000138780,6
ENSG00000138785,17
ENSG00000138794,5
ENSG00000138814,3
ENSG00000138867,12
ENSG00000139044,15
ENSG00000139055,13
ENSG00000139083,16
ENSG00000139112,13
ENSG00000139116,10
ENSG00000139146,9
ENSG00000139178,13
ENSG00000139182,13
ENSG00000139192,2
ENSG00000139211,4
ENSG00000139263,3
ENSG00000139269,15
ENSG00000139278,10
ENSG00000139289,4
ENSG00000139292,16
ENSG00000139318,4
ENSG00000139323,3
ENSG00000139343,6
ENSG00000139350,18
ENSG00000139354,6
ENSG00000139428,11
ENSG00000139438,10
ENSG00000139496,14
ENSG00000139514,2
ENSG00000139531,11
ENSG00000139567,15
ENSG00000139597,13
ENSG00000139618,10
ENSG00000139625,15
ENSG00000139629,13
ENSG00000139648,11
ENSG00000139675,6
ENSG00000139714,12
ENSG00000139725,11
ENSG00000139734,10
ENSG00000139832,16
ENSG00000139865,1
ENSG00000139874,19
ENSG00000139880,11
ENSG00000139899,7
ENSG00000139926,3
ENSG00000139985,6
ENSG00000140006,6
ENSG00000140057,7
ENSG00000140105,15
ENSG00000140254,16
ENSG00000140262,2
ENSG00000140263,13
ENSG00000140279,15
ENSG00000140284,2
ENSG00000140297,16
ENSG00000140299,10
ENSG00000140307,6
ENSG00000140323,1
ENSG00000140398,13
ENSG00000140406,9
ENSG00000140451,6
ENSG00000140464,7
ENSG00000140465,8
ENSG00000140479,2
ENSG00000140511,6
ENSG00000140525,6
ENSG00000140534,6
ENSG00000140678,15
ENSG00000140807,3
ENSG00000140853,2
ENSG00000140854,16
ENSG00000140859,9
ENSG00000140937,2
ENSG00000140941,15
ENSG00000140961,4
ENSG00000140968,13
ENSG00000140993,6
ENSG00000141012,13
ENSG00000141030,10
ENSG00000141076,10
ENSG00000141101,17
ENSG00000141258,15
ENSG00000141293,17
ENSG00000141295,7
ENSG00000141298,18
ENSG00000141337,2
ENSG00000141378,17
ENSG00000141384,17
ENSG00000141391,17
ENSG00000141404,11
ENSG00000141428,10
ENSG00000141447,15
ENSG00000141448,19
ENSG00000141497,13
ENSG00000141504,19
ENSG00000141505,7
ENSG00000141526,17
ENSG00000141542,13
ENSG00000141574,15
ENSG00000141582,8
ENSG00000141644,18
ENSG00000141682,2
ENSG00000141736,13
ENSG00000141753,3
ENSG00000141854,11
ENSG00000141867,12
ENSG00000141968,2
ENSG00000141994,10
ENSG00000142065,20
ENSG00000142089,13
ENSG00000142102,15
ENSG00000142178,2
ENSG00000142188,11
ENSG00000142227,6
ENSG00000142235,7
ENSG00000142279,10
ENSG00000142396,10
ENSG00000142405,15
ENSG00000142408,16
ENSG00000142409,17
ENSG00000142459,7
ENSG00000142484,13
ENSG00000142528,10
ENSG00000142530,11
ENSG00000142544,4
ENSG00000142552,11
ENSG00000142556,9
ENSG00000142611,20
ENSG00000142623,17
ENSG00000142627,9
ENSG00000142632,19
ENSG00000142684,10
ENSG00000142694,7
ENSG00000142731,10
ENSG00000142733,14
ENSG00000142765,13
ENSG00000142798,2
ENSG00000142856,6
ENSG00000142864,10
ENSG00000142871,9
ENSG00000142910,3
ENSG00000142945,6
ENSG00000142961,7
ENSG00000143036,2
ENSG00000143067,16
ENSG00000143147,20
ENSG00000143153,20
ENSG00000143157,3
ENSG00000143164,19
ENSG00000143179,17
ENSG00000143190,10
ENSG00000143195,17
ENSG00000143198,20
ENSG00000143217,5
ENSG00000143228,6
ENSG00000143248,12
ENSG00000143256,17
ENSG00000143314,10
ENSG00000143319,17
ENSG00000143322,17
ENSG00000143333,16
ENSG00000143337,20
ENSG00000143375,7
ENSG00000143387,19
ENSG00000143390,11
ENSG00000143409,11
ENSG00000143412,20
ENSG00000143416,7
ENSG00000143434,20
ENSG00000143436,10
ENSG00000143443,11
ENSG00000143457,20
ENSG00000143458,6
ENSG00000143476,14
ENSG00000143494,6
ENSG00000143498,12
ENSG00000143502,13
ENSG00000143507,1
ENSG00000143515,7
ENSG00000143554,7
ENSG00000143575,15
ENSG00000143578,11
ENSG00000143590,19
ENSG00000143612,13
ENSG00000143630,20
ENSG00000143702,20
ENSG00000143751,17
ENSG00000143753,2
ENSG00000143776,3
ENSG00000143797,1
ENSG00000143811,3
ENSG00000143815,6
ENSG00000143819,20
ENSG00000143845,13
ENSG00000143847,5
ENSG00000143891,11
ENSG00000143942,10
ENSG00000143947,6
ENSG00000143994,15
ENSG00000143995,5
ENSG00000144034,6
ENSG00000144045,7
ENSG00000144061,11
ENSG00000144063,17
ENSG00000144130,10
ENSG00000144136,17
ENSG00000144161,10
ENSG00000144228,9
ENSG00000144233,8
ENSG00000144283,17
ENSG00000144320,6
ENSG00000144354,3
ENSG00000144366,17
ENSG00000144381,6
ENSG00000144395,10
ENSG00000144445,20
ENSG00000144451,11
ENSG00000144452,20
ENSG00000144455,13
ENSG00000144460,4
ENSG00000144504,2
ENSG00000144559,6
ENSG00000144579,9
ENSG00000144596,13
ENSG00000144645,3
ENSG00000144648,7
ENSG00000144677,3
ENSG00000144713,6
ENSG00000144730,9
ENSG00000144746,13
ENSG00000144749,3
ENSG00000144802,16
ENSG00000144820,15
ENSG00000144824,9
ENSG00000144867,10
ENSG00000144895,10
ENSG00000144959,17
ENSG00000145002,17
ENSG00000145014,16
ENSG00000145029,7
ENSG00000145050,5
ENSG00000145088,20
ENSG00000145103,13
ENSG00000145113,15
ENSG00000145216,17
ENSG00000145220,10
ENSG00000145246,13
ENSG00000145284,16
ENSG00000145293,17
ENSG00000145332,8
ENSG00000145362,15
ENSG00000145365,4
ENSG00000145375,17
ENSG00000145386,6
ENSG00000145390,8
ENSG00000145414,10
ENSG00000145536,18
ENSG00000145555,17
ENSG00000145569,1
ENSG00000145604,14
ENSG00000145623,9
ENSG00000145675,9
ENSG00000145685,9
ENSG00000145687,5
ENSG00000145700,9
ENSG00000145703,2
ENSG00000145730,15
ENSG00000145734,14
ENSG00000145736,3
ENSG00000145779,4
ENSG00000145860,4
ENSG00000145882,15
ENSG00000145912,6
ENSG00000145919,15
ENSG00000145949,15
ENSG00000145990,14
ENSG00000146021,13
ENSG00000146072,9
ENSG00000146083,16
ENSG00000146094,10
ENSG00000146205,15
ENSG00000146243,8
ENSG00000146250,15
ENSG00000146263,10
ENSG00000146278,20
ENSG00000146281,10
ENSG00000146376,4
ENSG00000146410,10
ENSG00000146411,20
ENSG00000146476,19
ENSG00000146592,9
ENSG00000146648,3
ENSG00000146666,17
ENSG00000146670,10
ENSG00000146700,15
ENSG00000146731,6
ENSG00000146858,12
ENSG00000146859,15
ENSG00000146904,20
ENSG00000146909,17
ENSG00000146918,6
ENSG00000146950,3
ENSG00000146963,14
ENSG00000147041,13
ENSG00000147044,15
ENSG00000147065,15
ENSG00000147082,17
ENSG00000147124,18
ENSG00000147130,20
ENSG00000147155,5
ENSG00000147174,9
ENSG00000147231,10
ENSG00000147251,7
ENSG00000147316,17
ENSG00000147324,3
ENSG00000147394,16
ENSG00000147400,11
ENSG00000147408,6
ENSG00000147421,7
ENSG00000147526,2
ENSG00000147536,6
ENSG00000147642,13
ENSG00000147676,3
ENSG00000147679,10
ENSG00000147687,10
ENSG00000147813,13
ENSG00000147862,2
ENSG00000147874,10
ENSG00000147883,19
ENSG00000147894,19
ENSG00000147905,15
ENSG00000147912,14
ENSG00000147955,10
ENSG00000148057,13
ENSG00000148082,3
ENSG00000148110,3
ENSG00000148120,9
ENSG00000148143,13
ENSG00000148158,3
ENSG00000148175,3
ENSG00000148180,13
ENSG00000148204,15
ENSG00000148218,19
ENSG00000148229,10
ENSG00000148291,10
ENSG00000148296,17
ENSG00000148335,10
ENSG00000148339,4
ENSG00000148344,13
ENSG00000148356,13
ENSG00000148357,15
ENSG00000148362,10
ENSG00000148429,9
ENSG00000148450,13
ENSG00000148468,3
ENSG00000148498,3
ENSG00000148660,20
ENSG00000148677,9
ENSG00000148690,16
ENSG00000148702,7
ENSG00000148735,15
ENSG00000148773,6
ENSG00000148834,10
ENSG00000148835,6
ENSG00000148840,17
ENSG00000148841,4
ENSG00000148842,20
ENSG00000148843,17
ENSG00000148926,20
ENSG00000148942,13
ENSG00000148943,14
ENSG00000148950,6
ENSG00000149043,13
ENSG00000149100,10
ENSG00000149131,15
ENSG00000149136,6
ENSG00000149218,17
ENSG00000149260,7
ENSG00000149289,3
ENSG00000149300,20
ENSG00000149311,4
ENSG00000149418,5
ENSG00000149474,19
ENSG00000149483,10
ENSG00000149503,6
ENSG00000149548,6
ENSG00000149554,10
ENSG00000149636,10
ENSG00000149679,11
ENSG00000149716,10
ENSG00000149782,4
ENSG00000149809,20
ENSG00000149922,7
ENSG00000149927,16
ENSG00000149929,6
ENSG00000149932,13
ENSG00000149948,3
ENSG00000150054,11
ENSG00000150201,2
ENSG00000150281,13
ENSG00000150347,20
ENSG00000150403,13
ENSG00000150540,9
ENSG00000150551,10
ENSG00000150556,15
ENSG00000150593,20
ENSG00000150687,15
ENSG00000150753,6
ENSG00000150773,6
ENSG00000150782,3
ENSG00000150907,9
ENSG00000150938,15
ENSG00000150961,7
ENSG00000150977,20
ENSG00000150990,10
ENSG00000150995,17
ENSG00000151012,15
ENSG00000151014,9
ENSG00000151090,9
ENSG00000151117,13
ENSG00000151131,10
ENSG00000151135,7
ENSG00000151240,1
ENSG00000151276,2
ENSG00000151287,10
ENSG00000151304,17
ENSG00000151332,5
ENSG00000151466,6
ENSG00000151470,7
ENSG00000151490,13
ENSG00000151491,3
ENSG00000151503,10
ENSG00000151576,17
ENSG00000151611,7
ENSG00000151689,9
ENSG00000151693,3
ENSG00000151715,15
ENSG00000151718,8
ENSG00000151725,10
ENSG00000151726,11
ENSG00000151743,3
ENSG00000151746,6
ENSG00000151748,9
ENSG00000151835,17
ENSG00000151849,10
ENSG00000151881,15
ENSG00000151883,16
ENSG00000152056,13
ENSG00000152078,8
ENSG00000152127,17
ENSG00000152128,2
ENSG00000152133,6
ENSG00000152137,7
ENSG00000152193,17
ENSG00000152229,14
ENSG00000152242,12
ENSG00000152253,6
ENSG00000152256,3
ENSG00000152332,10
ENSG00000152359,12
ENSG00000152404,6
ENSG00000152409,13
ENSG00000152413,17
ENSG00000152422,10
ENSG00000152455,10
ENSG00000152463,17
ENSG00000152475,15
ENSG00000152492,3
ENSG00000152518,11
ENSG00000152527,5
ENSG00000152556,5
ENSG00000152601,6
ENSG00000152669,11
ENSG00000152689,10
ENSG00000152767,16
ENSG00000152778,13
ENSG00000152782,20
ENSG00000152990,17
ENSG00000153015,1
ENSG00000153029,13
ENSG00000153044,6
ENSG00000153048,10
ENSG00000153071,13
ENSG00000153094,12
ENSG00000153179,9
ENSG00000153207,10
ENSG00000153208,13
ENSG00000153246,13
ENSG00000153317,17
ENSG00000153487,4
ENSG00000153531,2
ENSG00000153558,13
ENSG00000153574,17
ENSG00000153714,8
ENSG00000153721,2
ENSG00000153790,20
ENSG00000153879,15
ENSG00000153885,9
ENSG00000153898,17
ENSG00000153922,10
ENSG00000153930,19
ENSG00000153933,10
ENSG00000154065,2
ENSG00000154102,13
ENSG00000154127,17
ENSG00000154134,15
ENSG00000154153,13
ENSG00000154252,20
ENSG00000154263,2
ENSG00000154265,7
ENSG00000154310,3
ENSG00000154358,8
ENSG00000154359,16
ENSG00000154429,10
ENSG00000154447,9
ENSG00000154511,9
ENSG00000154556,13
ENSG00000154639,3
ENSG00000154640,17
ENSG00000154743,17
ENSG00000154781,8
ENSG00000154839,10
ENSG00000154864,5
ENSG00000154889,13
ENSG00000154920,6
ENSG00000154930,5
ENSG00000154945,10
ENSG00000154957,8
ENSG00000155052,15
ENSG00000155066,7
ENSG00000155085,11
ENSG00000155090,9
ENSG00000155096,3
ENSG00000155111,7
ENSG00000155189,17
ENSG00000155254,13
ENSG00000155265,17
ENSG00000155304,15
ENSG00000155363,13
ENSG00000155367,15
ENSG00000155368,5
ENSG00000155380,3
ENSG00000155438,17
ENSG00000155465,20
ENSG00000155561,6
ENSG00000155629,1
ENSG00000155657,2
ENSG00000155660,11
ENSG00000155744,18
ENSG00000155760,3
ENSG00000155846,3
ENSG00000155850,20
ENSG00000155903,9
ENSG00000155918,3
ENSG00000155957,2
ENSG00000156050,18
ENSG00000156172,14
ENSG00000156256,10
ENSG00000156299,3
ENSG00000156304,14
ENSG00000156313,2
ENSG00000156384,10
ENSG00000156414,6
ENSG00000156427,12
ENSG00000156463,1
ENSG00000156510,15
ENSG00000156587,13
ENSG00000156697,17
ENSG00000156787,6
ENSG00000156802,10
ENSG00000156804,20
ENSG00000156858,5
ENSG00000156876,6
ENSG00000156966,7
ENSG00000156970,6
ENSG00000157110,15
ENSG00000157111,17
ENSG00000157193,17
ENSG00000157214,20
ENSG00000157216,11
ENSG00000157227,13
ENSG00000157350,9
ENSG00000157379,20
ENSG00000157399,13
ENSG00000157456,6
ENSG00000157470,10
ENSG00000157502,8
ENSG00000157593,17
ENSG00000157613,15
ENSG00000157654,9
ENSG00000157657,12
ENSG00000157693,2
ENSG00000157778,17
ENSG00000157782,18
ENSG00000157800,3
ENSG00000158022,20
ENSG00000158050,4
ENSG00000158055,19
ENSG00000158079,14
ENSG00000158092,19
ENSG00000158106,16
ENSG00000158169,6
ENSG00000158246,5
ENSG00000158258,5
ENSG00000158286,13
ENSG00000158292,15
ENSG00000158301,20
ENSG00000158373,11
ENSG00000158402,6
ENSG00000158483,3
ENSG00000158486,15
ENSG00000158516,15
ENSG00000158691,10
ENSG00000158711,9
ENSG00000158786,11
ENSG00000158792,9
ENSG00000158825,7
ENSG00000158828,7
ENSG00000158966,3
ENSG00000158987,10
ENSG00000159023,11
ENSG00000159055,6
ENSG00000159110,8
ENSG00000159131,17
ENSG00000159166,10
ENSG00000159184,11
ENSG00000159214,7
ENSG00000159239,7
ENSG00000159259,10
ENSG00000159263,9
ENSG00000159267,2
ENSG00000159399,3
ENSG00000159403,13
ENSG00000159423,13
ENSG00000159479,8
ENSG00000159714,11
ENSG00000159720,5
ENSG00000159871,8
ENSG00000159899,11
ENSG00000159921,9
ENSG00000160014,11
ENSG00000160050,18
ENSG00000160072,10
ENSG00000160094,8
ENSG00000160111,7
ENSG00000160124,10
ENSG00000160145,17
ENSG00000160172,3
ENSG00000160182,6
ENSG00000160183,15
ENSG00000160190,20
ENSG00000160193,10
ENSG00000160208,17
ENSG00000160211,5
ENSG00000160214,10
ENSG00000160223,3
ENSG00000160226,13
ENSG00000160233,15
ENSG00000160256,17
ENSG00000160285,11
ENSG00000160293,14
ENSG00000160299,6
ENSG00000160323,15
ENSG00000160325,7
ENSG00000160345,18
ENSG00000160360,3
ENSG00000160445,13
ENSG00000160460,7
ENSG00000160471,16
ENSG00000160505,6
ENSG00000160688,17
ENSG00000160712,19
ENSG00000160746,7
ENSG00000160752,5
ENSG00000160781,13
ENSG00000160818,10
ENSG00000160867,19
ENSG00000160888,7
ENSG00000160932,15
ENSG00000160949,10
ENSG00000160957,10
ENSG00000160991,13
ENSG00000161048,20
ENSG00000161091,3
ENSG00000161179,3
ENSG00000161243,11
ENSG00000161277,7
ENSG00000161395,15
ENSG00000161405,17
ENSG00000161544,13
ENSG00000161551,4
ENSG00000161558,7
ENSG00000161642,5
ENSG00000161647,17
ENSG00000161682,8
ENSG00000161692,6
ENSG00000161800,6
ENSG00000161888,6
ENSG00000161912,11
ENSG00000161921,15
ENSG00000161955,13
ENSG00000161970,6
ENSG00000161980,10
ENSG00000162004,2
ENSG00000162062,10
ENSG00000162063,6
ENSG00000162073,17
ENSG00000162078,2
ENSG00000162129,6
ENSG00000162139,6
ENSG00000162194,7
ENSG00000162236,11
ENSG00000162241,16
ENSG00000162337,9
ENSG00000162366,15
ENSG00000162368,15
ENSG00000162377,17
ENSG00000162390,2
ENSG00000162391,13
ENSG00000162402,10
ENSG00000162407,15
ENSG00000162413,17
ENSG00000162415,20
ENSG00000162430,13
ENSG00000162433,3
ENSG00000162437,2
ENSG00000162458,16
ENSG00000162496,20
ENSG00000162510,13
ENSG00000162512,20
ENSG00000162520,7
ENSG00000162572,13
ENSG00000162607,17
ENSG00000162616,19
ENSG00000162636,16
ENSG00000162723,18
ENSG00000162729,15
ENSG00000162738,20
ENSG00000162755,7
ENSG00000162772,13
ENSG00000162777,16
ENSG00000162783,10
ENSG00000162814,20
ENSG00000162849,15
ENSG00000162851,17
ENSG00000162878,15
ENSG00000162894,17
ENSG00000162924,12
ENSG00000162927,19
ENSG00000162946,16
ENSG00000162976,13
ENSG00000162981,18
ENSG00000162999,19
ENSG00000163002,10
ENSG00000163006,10
ENSG00000163017,2
ENSG00000163032,20
ENSG00000163040,13
ENSG00000163050,6
ENSG00000163069,2
ENSG00000163072,17
ENSG00000163110,3
ENSG00000163121,20
ENSG00000163131,13
ENSG00000163138,4
ENSG00000163141,7
ENSG00000163170,6
ENSG00000163209,17
ENSG00000163216,10
ENSG00000163220,10
ENSG00000163235,9
ENSG00000163251,16
ENSG00000163283,20
ENSG00000163286,13
ENSG00000163293,10
ENSG00000163295,13
ENSG00000163328,16
ENSG00000163346,13
ENSG00000163376,6
ENSG00000163389,10
ENSG00000163406,13
ENSG00000163428,17
ENSG00000163435,19
ENSG00000163472,20
ENSG00000163485,14
ENSG00000163491,5
ENSG00000163492,2
ENSG00000163501,12
ENSG00000163507,6
ENSG00000163510,6
ENSG00000163513,9
ENSG00000163517,13
ENSG00000163521,13
ENSG00000163528,17
ENSG00000163535,6
ENSG00000163536,7
ENSG00000163539,18
ENSG00000163545,7
ENSG00000163565,15
ENSG00000163584,10
ENSG00000163597,17
ENSG00000163602,3
ENSG00000163617,13
ENSG00000163629,13
ENSG00000163630,3
ENSG00000163637,9
ENSG00000163644,20
ENSG00000163659,17
ENSG00000163682,6
ENSG00000163683,20
ENSG00000163684,10
ENSG00000163694,20
ENSG00000163701,20
ENSG00000163702,7
ENSG00000163703,7
ENSG00000163714,10
ENSG00000163734,13
ENSG00000163738,6
ENSG00000163739,15
ENSG00000163755,10
ENSG00000163781,10
ENSG00000163803,17
ENSG00000163808,6
ENSG00000163811,17
ENSG00000163814,3
ENSG00000163840,13
ENSG00000163888,8
ENSG00000163918,10
ENSG00000163938,10
ENSG00000163950,14
ENSG00000163956,6
ENSG00000163993,2
ENSG00000164007,15
ENSG00000164010,13
ENSG00000164023,17
ENSG00000164032,6
ENSG00000164039,13
ENSG00000164045,17
ENSG00000164056,9
ENSG00000164070,6
ENSG00000164077,6
ENSG00000164086,17
ENSG00000164087,6
ENSG00000164099,17
ENSG00000164104,6
ENSG00000164109,10
ENSG00000164117,20
ENSG00000164118,19
ENSG00000164120,15
ENSG00000164125,3
ENSG00000164134,10
ENSG00000164136,13
ENSG00000164162,10
ENSG00000164163,10
ENSG00000164164,9
ENSG00000164167,10
ENSG00000164171,3
ENSG00000164181,15
ENSG00000164182,10
ENSG00000164211,5
ENSG00000164266,13
ENSG00000164284,2
ENSG00000164300,20
ENSG00000164305,15
ENSG00000164307,13
ENSG00000164308,13
ENSG00000164323,9
ENSG00000164338,10
ENSG00000164342,20
ENSG00000164362,17
ENSG00000164402,2
ENSG00000164430,10
ENSG00000164442,7
ENSG00000164466,17
ENSG00000164530,17
ENSG00000164543,10
ENSG00000164610,14
ENSG00000164611,6
ENSG00000164626,13
ENSG00000164638,15
ENSG00000164649,17
ENSG00000164654,9
ENSG00000164674,7
ENSG00000164683,6
ENSG00000164684,3
ENSG00000164687,10
ENSG00000164695,2
ENSG00000164733,15
ENSG00000164741,16
ENSG00000164796,17
ENSG00000164849,1
ENSG00000164850,12
ENSG00000164877,11
ENSG00000164904,7
ENSG00000164916,2
ENSG00000164920,19
ENSG00000164933,17
ENSG00000164938,20
ENSG00000164949,5
ENSG00000164976,16
ENSG00000164983,17
ENSG00000164985,17
ENSG00000164989,11
ENSG00000165029,8
ENSG00000165030,7
ENSG00000165046,6
ENSG00000165060,10
ENSG00000165078,15
ENSG00000165102,13
ENSG00000165105,14
ENSG00000165121,20
ENSG00000165169,3
ENSG00000165175,15
ENSG00000165195,6
ENSG00000165240,11
ENSG00000165244,17
ENSG00000165269,7
ENSG00000165271,17
ENSG00000165272,7
ENSG00000165304,6
ENSG00000165312,20
ENSG00000165376,17
ENSG00000165417,10
ENSG00000165424,13
ENSG00000165434,18
ENSG00000165474,3
ENSG00000165475,13
ENSG00000165480,6
ENSG00000165490,10
ENSG00000165501,6
ENSG00000165506,4
ENSG00000165507,1
ENSG00000165516,20
ENSG00000165556,20
ENSG00000165591,13
ENSG00000165617,2
ENSG00000165626,13
ENSG00000165632,10
ENSG00000165661,17
ENSG00000165669,10
ENSG00000165675,4
ENSG00000165678,6
ENSG00000165685,13
ENSG00000165689,17
ENSG00000165698,15
ENSG00000165714,4
ENSG00000165724,3
ENSG00000165732,17
ENSG00000165733,10
ENSG00000165757,19
ENSG00000165775,6
ENSG00000165795,11
ENSG00000165801,7
ENSG00000165802,3
ENSG00000165807,15
ENSG00000165861,20
ENSG00000165874,20
ENSG00000165879,20
ENSG00000165891,10
ENSG00000165949,15
ENSG00000165959,15
ENSG00000165983,8
ENSG00000166002,15
ENSG00000166012,17
ENSG00000166025,17
ENSG00000166037,7
ENSG00000166046,13
ENSG00000166068,3
ENSG00000166073,19
ENSG00000166128,9
ENSG00000166143,15
ENSG00000166145,15
ENSG00000166165,13
ENSG00000166166,17
ENSG00000166192,20
ENSG00000166197,17
ENSG00000166199,14
ENSG00000166261,3
ENSG00000166272,11
ENSG00000166311,7
ENSG00000166340,13
ENSG00000166348,9
ENSG00000166349,13
ENSG00000166387,7
ENSG00000166401,17
ENSG00000166405,17
ENSG00000166444,7
ENSG00000166451,10
ENSG00000166473,5
ENSG00000166483,3
ENSG00000166508,10
ENSG00000166510,16
ENSG00000166532,16
ENSG00000166575,20
ENSG00000166578,11
ENSG00000166582,17
ENSG00000166598,11
ENSG00000166669,7
ENSG00000166681,13
ENSG00000166710,15
ENSG00000166750,15
ENSG00000166788,6
ENSG00000166803,6
ENSG00000166816,13
ENSG00000166821,19
ENSG00000166833,20
ENSG00000166845,18
ENSG00000166848,19
ENSG00000166851,6
ENSG00000166866,7
ENSG00000166886,12
ENSG00000166888,7
ENSG00000166924,7
ENSG00000166963,5
ENSG00000166965,10
ENSG00000166971,15
ENSG00000166974,6
ENSG00000166979,3
ENSG00000166986,15
ENSG00000166997,5
ENSG00000167004,7
ENSG00000167046,13
ENSG00000167065,7
ENSG00000167074,14
ENSG00000167088,10
ENSG00000167103,13
ENSG00000167105,1
ENSG00000167107,7
ENSG00000167123,15
ENSG00000167165,13
ENSG00000167183,20
ENSG00000167196,5
ENSG00000167244,15
ENSG00000167280,11
ENSG00000167315,1
ENSG00000167325,6
ENSG00000167333,19
ENSG00000167371,11
ENSG00000167393,6
ENSG00000167487,12
ENSG00000167508,11
ENSG00000167513,17
ENSG00000167522,15
ENSG00000167523,10
ENSG00000167528,13
ENSG00000167535,7
ENSG00000167536,10
ENSG00000167549,2
ENSG00000167550,3
ENSG00000167552,13
ENSG00000167553,6
ENSG00000167565,19
ENSG00000167578,13
ENSG00000167601,13
ENSG00000167608,15
ENSG00000167634,7
ENSG00000167635,14
ENSG00000167653,13
ENSG00000167656,11
ENSG00000167670,10
ENSG00000167680,7
ENSG00000167695,17
ENSG00000167701,13
ENSG00000167702,16
ENSG00000167703,2
ENSG00000167705,13
ENSG00000167721,10
ENSG00000167723,20
ENSG00000167740,13
ENSG00000167741,13
ENSG00000167747,17
ENSG00000167749,9
ENSG00000167755,10
ENSG00000167759,2
ENSG00000167778,17
ENSG00000167799,14
ENSG00000167815,5
ENSG00000167840,10
ENSG00000167861,7
ENSG00000167874,13
ENSG00000167895,6
ENSG00000167930,13
ENSG00000167962,4
ENSG00000167964,11
ENSG00000167968,5
ENSG00000167972,15
ENSG00000167995,15
ENSG00000168000,13
ENSG00000168010,15
ENSG00000168016,13
ENSG00000168028,6
ENSG00000168062,15
ENSG00000168065,7
ENSG00000168067,13
ENSG00000168071,7
ENSG00000168078,6
ENSG00000168140,8
ENSG00000168228,12
ENSG00000168255,13
ENSG00000168264,16
ENSG00000168275,10
ENSG00000168310,7
ENSG00000168350,7
ENSG00000168386,7
ENSG00000168389,17
ENSG00000168393,6
ENSG00000168394,13
ENSG00000168398,13
ENSG00000168411,10
ENSG00000168427,16
ENSG00000168453,12
ENSG00000168476,6
ENSG00000168490,5
ENSG00000168495,17
ENSG00000168496,10
ENSG00000168528,15
ENSG00000168539,20
ENSG00000168631,13
ENSG00000168672,2
ENSG00000168734,2
ENSG00000168758,13
ENSG00000168765,2
ENSG00000168785,11
ENSG00000168874,6
ENSG00000168899,13
ENSG00000168906,17
ENSG00000168907,11
ENSG00000168913,5
ENSG00000168916,19
ENSG00000168918,11
ENSG00000168939,20
ENSG00000168944,8
ENSG00000168952,17
ENSG00000168961,15
ENSG00000168994,16
ENSG00000169035,13
ENSG00000169047,9
ENSG00000169067,3
ENSG00000169093,15
ENSG00000169105,8
ENSG00000169122,20
ENSG00000169129,11
ENSG00000169136,2
ENSG00000169169,11
ENSG00000169174,11
ENSG00000169180,10
ENSG00000169188,4
ENSG00000169203,4
ENSG00000169231,13
ENSG00000169241,13
ENSG00000169242,12
ENSG00000169245,20
ENSG00000169247,9
ENSG00000169255,3
ENSG00000169258,17
ENSG00000169288,10
ENSG00000169379,8
ENSG00000169403,7
ENSG00000169429,4
ENSG00000169432,15
ENSG00000169474,14
ENSG00000169583,20
ENSG00000169607,6
ENSG00000169621,15
ENSG00000169668,7
ENSG00000169679,6
ENSG00000169684,10
ENSG00000169692,3
ENSG00000169696,20
ENSG00000169740,7
ENSG00000169752,19
ENSG00000169814,13
ENSG00000169826,16
ENSG00000169851,5
ENSG00000169891,7
ENSG00000169905,20
ENSG00000169908,3
ENSG00000169926,16
ENSG00000169989,14
ENSG00000169992,7
ENSG00000170004,20
ENSG00000170017,3
ENSG00000170043,7
ENSG00000170075,11
ENSG00000170144,6
ENSG00000170185,15
ENSG00000170191,17
ENSG00000170222,4
ENSG00000170242,5
ENSG00000170264,3
ENSG00000170266,13
ENSG00000170271,7
ENSG00000170275,15
ENSG00000170289,2
ENSG00000170293,3
ENSG00000170296,7
ENSG00000170312,6
ENSG00000170340,13
ENSG00000170345,9
ENSG00000170356,6
ENSG00000170373,15
ENSG00000170379,8
ENSG00000170425,3
ENSG00000170439,11
ENSG00000170448,14
ENSG00000170456,2
ENSG00000170485,2
ENSG00000170515,10
ENSG00000170522,17
ENSG00000170545,11
ENSG00000170581,13
ENSG00000170667,13
ENSG00000170689,2
ENSG00000170734,6
ENSG00000170759,17
ENSG00000170779,17
ENSG00000170786,17
ENSG00000170802,3
ENSG00000170835,8
ENSG00000170848,7
ENSG00000170852,4
ENSG00000170854,17
ENSG00000170855,6
ENSG00000170873,20
ENSG00000170899,7
ENSG00000170915,7
ENSG00000170946,6
ENSG00000170965,16
ENSG00000171045,13
ENSG00000171051,17
ENSG00000171056,10
ENSG00000171067,17
ENSG00000171084,3
ENSG00000171124,13
ENSG00000171155,5
ENSG00000171174,16
ENSG00000171223,8
ENSG00000171227,15
ENSG00000171236,13
ENSG00000171241,6
ENSG00000171298,15
ENSG00000171320,6
ENSG00000171345,5
ENSG00000171365,9
ENSG00000171428,5
ENSG00000171450,13
ENSG00000171453,17
ENSG00000171490,10
ENSG00000171552,9
ENSG00000171557,13
ENSG00000171560,7
ENSG00000171564,20
ENSG00000171604,19
ENSG00000171606,3
ENSG00000171608,7
ENSG00000171617,16
ENSG00000171621,12
ENSG00000171680,13
ENSG00000171723,6
ENSG00000171729,16
ENSG00000171747,13
ENSG00000171766,15
ENSG00000171793,17
ENSG00000171848,10
ENSG00000171863,6
ENSG00000171867,2
ENSG00000171873,17
ENSG00000171914,2
ENSG00000171928,3
ENSG00000171943,16
ENSG00000171960,6
ENSG00000171992,13
ENSG00000172006,13
ENSG00000172037,13
ENSG00000172057,13
ENSG00000172059,3
ENSG00000172115,10
ENSG00000172167,6
ENSG00000172197,19
ENSG00000172216,13
ENSG00000172244,18
ENSG00000172292,17
ENSG00000172296,13
ENSG00000172315,10
ENSG00000172336,10
ENSG00000172345,7
ENSG00000172367,15
ENSG00000172375,12
ENSG00000172432,15
ENSG00000172456,16
ENSG00000172465,19
ENSG00000172469,11
ENSG00000172478,12
ENSG00000172493,16
ENSG00000172575,9
ENSG00000172594,7
ENSG00000172602,5
ENSG00000172638,13
ENSG00000172725,7
ENSG00000172732,9
ENSG00000172789,5
ENSG00000172818,12
ENSG00000172819,20
ENSG00000172828,13
ENSG00000172830,13
ENSG00000172878,10
ENSG00000172888,15
ENSG00000172893,5
ENSG00000172927,3
ENSG00000172936,7
ENSG00000172965,10
ENSG00000173013,20
ENSG00000173020,9
ENSG00000173083,13
ENSG00000173145,10
ENSG00000173153,3
ENSG00000173156,17
ENSG00000173193,20
ENSG00000173207,6
ENSG00000173210,3
ENSG00000173218,17
ENSG00000173230,7
ENSG00000173262,3
ENSG00000173276,13
ENSG00000173281,20
ENSG00000173295,9
ENSG00000173334,1
ENSG00000173391,13
ENSG00000173402,20
ENSG00000173451,20
ENSG00000173457,6
ENSG00000173511,15
ENSG00000173531,13
ENSG00000173548,20
ENSG00000173559,2
ENSG00000173581,12
ENSG00000173588,4
ENSG00000173597,3
ENSG00000173598,3
ENSG00000173599,6
ENSG00000173614,7
ENSG00000173638,10
ENSG00000173702,16
ENSG00000173706,15
ENSG00000173727,5
ENSG00000173786,8
ENSG00000173805,3
ENSG00000173812,2
ENSG00000173821,15
ENSG00000173825,10
ENSG00000173846,4
ENSG00000173848,4
ENSG00000173926,17
ENSG00000174007,20
ENSG00000174013,17
ENSG00000174032,14
ENSG00000174109,10
ENSG00000174123,12
ENSG00000174130,6
ENSG00000174177,10
ENSG00000174233,20
ENSG00000174276,3
ENSG00000174292,12
ENSG00000174327,20
ENSG00000174358,7
ENSG00000174370,7
ENSG00000174371,17
ENSG00000174384,15
ENSG00000174428,8
ENSG00000174442,6
ENSG00000174469,5
ENSG00000174483,7
ENSG00000174485,13
ENSG00000174501,3
ENSG00000174502,3
ENSG00000174516,13
ENSG00000174564,15
ENSG00000174607,17
ENSG00000174640,3
ENSG00000174684,20
ENSG00000174705,15
ENSG00000174718,13
ENSG00000174721,10
ENSG00000174749,14
ENSG00000174780,10
ENSG00000174799,17
ENSG00000174808,2
ENSG00000174827,13
ENSG00000174938,15
ENSG00000174939,20
ENSG00000174951,13
ENSG00000174996,4
ENSG00000175048,2
ENSG00000175061,2
ENSG00000175063,6
ENSG00000175084,13
ENSG00000175110,6
ENSG00000175147,13
ENSG00000175155,7
ENSG00000175197,20
ENSG00000175216,6
ENSG00000175274,13
ENSG00000175305,17
ENSG00000175322,18
ENSG00000175344,8
ENSG00000175356,7
ENSG00000175395,19
ENSG00000175449,6
ENSG00000175471,16
ENSG00000175505,10
ENSG00000175544,2
ENSG00000175567,13
ENSG00000175581,6
ENSG00000175591,11
ENSG00000175592,4
ENSG00000175691,14
ENSG00000175711,17
ENSG00000175745,19
ENSG00000175764,7
ENSG00000175772,16
ENSG00000175787,6
ENSG00000175792,10
ENSG00000175832,17
ENSG00000175874,13
ENSG00000175920,1
ENSG00000175938,13
ENSG00000175984,12
ENSG00000176055,8
ENSG00000176058,3
ENSG00000176092,11
ENSG00000176124,6
ENSG00000176125,3
ENSG00000176153,7
ENSG00000176208,10
ENSG00000176225,10
ENSG00000176244,5
ENSG00000176273,10
ENSG00000176371,20
ENSG00000176393,7
ENSG00000176396,19
ENSG00000176407,14
ENSG00000176428,7
ENSG00000176438,9
ENSG00000176454,16
ENSG00000176463,15
ENSG00000176490,7
ENSG00000176593,11
ENSG00000176641,14
ENSG00000176658,11
ENSG00000176681,11
ENSG00000176749,17
ENSG00000176771,17
ENSG00000176842,12
ENSG00000176871,17
ENSG00000176920,20
ENSG00000176928,20
ENSG00000176945,13
ENSG00000176973,5
ENSG00000176974,19
ENSG00000177000,20
ENSG00000177034,17
ENSG00000177084,10
ENSG00000177138,13
ENSG00000177144,9
ENSG00000177169,13
ENSG00000177189,3
ENSG00000177191,20
ENSG00000177192,17
ENSG00000177302,17
ENSG00000177335,13
ENSG00000177409,15
ENSG00000177410,2
ENSG00000177425,9
ENSG00000177426,16
ENSG00000177427,8
ENSG00000177479,17
ENSG00000177542,17
ENSG00000177556,19
ENSG00000177602,10
ENSG00000177628,20
ENSG00000177666,7
ENSG00000177674,13
ENSG00000177692,20
ENSG00000177694,15
ENSG00000177697,4
ENSG00000177707,3
ENSG00000177728,13
ENSG00000177732,20
ENSG00000177788,9
ENSG00000177854,13
ENSG00000177917,14
ENSG00000177943,7
ENSG00000177989,13
ENSG00000178026,13
ENSG00000178033,15
ENSG00000178035,6
ENSG00000178074,10
ENSG00000178075,15
ENSG00000178105,10
ENSG00000178150,12
ENSG00000178162,12
ENSG00000178188,11
ENSG00000178199,10
ENSG00000178202,17
ENSG00000178209,17
ENSG00000178226,18
ENSG00000178295,10
ENSG00000178301,20
ENSG00000178381,2
ENSG00000178386,20
ENSG00000178409,17
ENSG00000178440,10
ENSG00000178445,13
ENSG00000178531,2
ENSG00000178537,7
ENSG00000178597,17
ENSG00000178607,8
ENSG00000178623,16
ENSG00000178685,13
ENSG00000178718,17
ENSG00000178719,15
ENSG00000178773,3
ENSG00000178821,10
ENSG00000178826,7
ENSG00000178852,15
ENSG00000178878,4
ENSG00000178882,19
ENSG00000178896,4
ENSG00000178904,2
ENSG00000178921,10
ENSG00000178927,13
ENSG00000178934,12
ENSG00000178935,20
ENSG00000178951,12
ENSG00000178966,10
ENSG00000178977,7
ENSG00000178999,6
ENSG00000179023,20
ENSG00000179041,17
ENSG00000179046,13
ENSG00000179094,12
ENSG00000179111,7
ENSG00000179148,6
ENSG00000179163,13
ENSG00000179168,20
ENSG00000179178,7
ENSG00000179218,5
ENSG00000179222,13
ENSG00000179241,3
ENSG00000179262,14
ENSG00000179295,14
ENSG00000179304,14
ENSG00000179387,11
ENSG00000179388,17
ENSG00000179403,6
ENSG00000179409,10
ENSG00000179477,13
ENSG00000179588,11
ENSG00000179598,3
ENSG00000179604,19
ENSG00000179627,16
ENSG00000179674,17
ENSG00000179820,9
ENSG00000179841,20
ENSG00000179862,13
ENSG00000179869,1
ENSG00000179912,15
ENSG00000179958,10
ENSG00000179967,10
ENSG00000179988,17
ENSG00000180015,17
ENSG00000180035,2
ENSG00000180061,20
ENSG00000180089,12
ENSG00000180251,13
ENSG00000180340,20
ENSG00000180354,11
ENSG00000180376,19
ENSG00000180385,10
ENSG00000180425,11
ENSG00000180525,9
ENSG00000180532,4
ENSG00000180535,16
ENSG00000180549,11
ENSG00000180573,11
ENSG00000180626,19
ENSG00000180747,14
ENSG00000180758,16
ENSG00000180855,9
ENSG00000180884,16
ENSG00000180891,3
ENSG00000180900,10
ENSG00000180902,13
ENSG00000180938,7
ENSG00000180957,10
ENSG00000180964,7
ENSG00000181004,20
ENSG00000181026,17
ENSG00000181035,7
ENSG00000181126,19
ENSG00000181163,6
ENSG00000181284,11
ENSG00000181333,6
ENSG00000181350,7
ENSG00000181381,15
ENSG00000181392,13
ENSG00000181409,7
ENSG00000181444,7
ENSG00000181513,7
ENSG00000181544,6
ENSG00000181577,7
ENSG00000181610,17
ENSG00000181634,9
ENSG00000181649,10
ENSG00000181690,19
ENSG00000181744,12
ENSG00000181751,3
ENSG00000181773,4
ENSG00000181790,13
ENSG00000181826,9
ENSG00000181938,17
ENSG00000182010,6
ENSG00000182054,20
ENSG00000182057,17
ENSG00000182095,9
ENSG00000182158,20
ENSG00000182179,15
ENSG00000182197,3
ENSG00000182199,15
ENSG00000182240,15
ENSG00000182263,12
ENSG00000182264,13
ENSG00000182287,10
ENSG00000182310,7
ENSG00000182324,10
ENSG00000182359,11
ENSG00000182379,20
ENSG00000182393,15
ENSG00000182463,7
ENSG00000182481,6
ENSG00000182545,9
ENSG00000182557,7
ENSG00000182578,13
ENSG00000182612,13
ENSG00000182667,15
ENSG00000182732,15
ENSG00000182742,3
ENSG00000182774,6
ENSG00000182782,15
ENSG00000182791,1
ENSG00000182795,7
ENSG00000182841,10
ENSG00000182866,17
ENSG00000182871,15
ENSG00000182912,6
ENSG00000182985,7
ENSG00000183032,7
ENSG00000183044,11
ENSG00000183049,5
ENSG00000183087,13
ENSG00000183111,13
ENSG00000183128,5
ENSG00000183137,18
ENSG00000183208,20
ENSG00000183317,15
ENSG00000183323,7
ENSG00000183336,6
ENSG00000183337,12
ENSG00000183386,4
ENSG00000183397,5
ENSG00000183401,13
ENSG00000183421,20
ENSG00000183426,2
ENSG00000183431,10
ENSG00000183439,17
ENSG00000183458,2
ENSG00000183484,7
ENSG00000183486,13
ENSG00000183496,19
ENSG00000183508,4
ENSG00000183527,10
ENSG00000183579,3
ENSG00000183604,1
ENSG00000183605,10
ENSG00000183617,10
ENSG00000183625,5
ENSG00000183655,5
ENSG00000183668,7
ENSG00000183671,12
ENSG00000183684,6
ENSG00000183696,17
ENSG00000183709,15
ENSG00000183718,19
ENSG00000183742,3
ENSG00000183763,10
ENSG00000183814,6
ENSG00000183840,20
ENSG00000183844,20
ENSG00000183856,10
ENSG00000183889,2
ENSG00000183891,12
ENSG00000183935,11
ENSG00000183955,17
ENSG00000184012,13
ENSG00000184014,16
ENSG00000184047,15
ENSG00000184056,13
ENSG00000184117,13
ENSG00000184162,17
ENSG00000184163,15
ENSG00000184164,11
ENSG00000184178,6
ENSG00000184203,9
ENSG00000184205,20
ENSG00000184216,10
ENSG00000184220,10
ENSG00000184254,17
ENSG00000184292,15
ENSG00000184307,9
ENSG00000184319,10
ENSG00000184349,11
ENSG00000184368,11
ENSG00000184371,15
ENSG00000184381,13
ENSG00000184441,10
ENSG00000184445,10
ENSG00000184481,20
ENSG00000184489,15
ENSG00000184497,5
ENSG00000184557,2
ENSG00000184574,11
ENSG00000184575,15
ENSG00000184584,14
ENSG00000184619,7
ENSG00000184661,6
ENSG00000184678,19
ENSG00000184697,5
ENSG00000184709,6
ENSG00000184828,19
ENSG00000184897,5
ENSG00000184898,13
ENSG00000184916,13
ENSG00000184925,7
ENSG00000184967,10
ENSG00000184979,15
ENSG00000184985,11
ENSG00000184988,20
ENSG00000185000,7
ENSG00000185015,15
ENSG00000185022,9
ENSG00000185100,13
ENSG00000185101,13
ENSG00000185104,10
ENSG00000185158,8
ENSG00000185189,16
ENSG00000185201,15
ENSG00000185215,20
ENSG00000185222,20
ENSG00000185238,10
ENSG00000185250,14
ENSG00000185261,15
ENSG00000185262,9
ENSG00000185278,16
ENSG00000185305,7
ENSG00000185338,16
ENSG00000185347,6
ENSG00000185432,11
ENSG00000185437,8
ENSG00000185483,2
ENSG00000185495,8
ENSG00000185499,13
ENSG00000185507,13
ENSG00000185522,15
ENSG00000185551,19
ENSG00000185561,7
ENSG00000185567,19
ENSG00000185621,7
ENSG00000185630,7
ENSG00000185650,8
ENSG00000185664,7
ENSG00000185669,19
ENSG00000185670,11
ENSG00000185697,10
ENSG00000185716,19
ENSG00000185730,3
ENSG00000185745,13
ENSG00000185774,10
ENSG00000185813,11
ENSG00000185880,7
ENSG00000185885,13
ENSG00000185904,17
ENSG00000185920,16
ENSG00000185989,3
ENSG00000186019,18
ENSG00000186073,17
ENSG00000186111,7
ENSG00000186185,6
ENSG00000186193,6
ENSG00000186204,13
ENSG00000186205,10
ENSG00000186212,16
ENSG00000186230,17
ENSG00000186329,14
ENSG00000186350,7
ENSG00000186364,13
ENSG00000186416,10
ENSG00000186432,17
ENSG00000186468,6
ENSG00000186470,7
ENSG00000186480,5
ENSG00000186481,4
ENSG00000186522,2
ENSG00000186523,9
ENSG00000186564,19
ENSG00000186577,9
ENSG00000186591,13
ENSG00000186615,4
ENSG00000186625,6
ENSG00000186638,6
ENSG00000186654,19
ENSG00000186666,20
ENSG00000186687,6
ENSG00000186765,15
ENSG00000186767,13
ENSG00000186792,2
ENSG00000186806,13
ENSG00000186814,7
ENSG00000186815,16
ENSG00000186832,2
ENSG00000186834,19
ENSG00000186847,10
ENSG00000186854,17
ENSG00000186862,1
ENSG00000186871,6
ENSG00000186907,13
ENSG00000186951,13
ENSG00000186994,13
ENSG00000187017,13
ENSG00000187091,20
ENSG00000187094,10
ENSG00000187098,13
ENSG00000187109,6
ENSG00000187123,20
ENSG00000187210,2
ENSG00000187244,13
ENSG00000187266,20
ENSG00000187372,20
ENSG00000187474,3
ENSG00000187498,2
ENSG00000187535,13
ENSG00000187608,13
ENSG00000187624,7
ENSG00000187634,13
ENSG00000187650,13
ENSG00000187678,4
ENSG00000187699,4
ENSG00000187720,17
ENSG00000187735,15
ENSG00000187741,10
ENSG00000187790,18
ENSG00000187796,16
ENSG00000187808,7
ENSG00000187837,5
ENSG00000187840,15
ENSG00000187866,18
ENSG00000187867,20
ENSG00000187908,13
ENSG00000187951,6
ENSG00000187994,7
ENSG00000188001,10
ENSG00000188004,7
ENSG00000188033,20
ENSG00000188042,3
ENSG00000188130,11
ENSG00000188157,13
ENSG00000188158,3
ENSG00000188162,15
ENSG00000188176,5
ENSG00000188177,13
ENSG00000188185,13
ENSG00000188211,10
ENSG00000188215,16
ENSG00000188257,13
ENSG00000188277,17
ENSG00000188293,10
ENSG00000188312,6
ENSG00000188313,2
ENSG00000188322,7
ENSG00000188342,17
ENSG00000188368,10
ENSG00000188404,15
ENSG00000188483,5
ENSG00000188501,15
ENSG00000188522,4
ENSG00000188529,17
ENSG00000188599,15
ENSG00000188603,11
ENSG00000188610,6
ENSG00000188660,13
ENSG00000188707,12
ENSG00000188735,3
ENSG00000188747,15
ENSG00000188761,11
ENSG00000188766,13
ENSG00000188784,7
ENSG00000188786,6
ENSG00000188807,17
ENSG00000188833,13
ENSG00000188846,6
ENSG00000188868,19
ENSG00000188910,4
ENSG00000188976,10
ENSG00000188993,11
ENSG00000188997,20
ENSG00000189007,3
ENSG00000189014,11
ENSG00000189046,17
ENSG00000189057,10
ENSG00000189058,13
ENSG00000189060,11
ENSG00000189120,12
ENSG00000189149,3
ENSG00000189157,11
ENSG00000189159,6
ENSG00000189195,13
ENSG00000189221,17
ENSG00000189223,11
ENSG00000189283,9
ENSG00000189298,4
ENSG00000189308,10
ENSG00000189325,13
ENSG00000189337,3
ENSG00000189362,3
ENSG00000189366,20
ENSG00000189403,6
ENSG00000189409,7
ENSG00000189410,4
ENSG00000196081,10
ENSG00000196116,13
ENSG00000196123,7
ENSG00000196136,2
ENSG00000196139,7
ENSG00000196152,19
ENSG00000196154,7
ENSG00000196177,11
ENSG00000196182,13
ENSG00000196196,1
ENSG00000196220,20
ENSG00000196233,17
ENSG00000196290,6
ENSG00000196305,15
ENSG00000196337,13
ENSG00000196365,2
ENSG00000196369,13
ENSG00000196371,9
ENSG00000196388,16
ENSG00000196408,19
ENSG00000196437,12
ENSG00000196449,17
ENSG00000196456,19
ENSG00000196466,9
ENSG00000196476,7
ENSG00000196482,20
ENSG00000196497,10
ENSG00000196502,20
ENSG00000196507,20
ENSG00000196510,6
ENSG00000196511,7
ENSG00000196535,7
ENSG00000196544,20
ENSG00000196549,11
ENSG00000196550,6
ENSG00000196557,5
ENSG00000196584,10
ENSG00000196597,18
ENSG00000196604,10
ENSG00000196605,7
ENSG00000196611,17
ENSG00000196628,13
ENSG00000196636,6
ENSG00000196639,4
ENSG00000196656,6
ENSG00000196659,7
ENSG00000196678,4
ENSG00000196684,13
ENSG00000196689,20
ENSG00000196739,16
ENSG00000196743,7
ENSG00000196754,10
ENSG00000196756,17
ENSG00000196776,15
ENSG00000196781,19
ENSG00000196782,9
ENSG00000196787,5
ENSG00000196793,3
ENSG00000196862,11
ENSG00000196950,9
ENSG00000197043,14
ENSG00000197044,18
ENSG00000197054,20
ENSG00000197063,9
ENSG00000197093,7
ENSG00000197110,15
ENSG00000197119,7
ENSG00000197140,6
ENSG00000197147,17
ENSG00000197165,15
ENSG00000197180,7
ENSG00000197181,20
ENSG00000197183,20
ENSG00000197217,13
ENSG00000197256,20
ENSG00000197261,7
ENSG00000197273,16
ENSG00000197275,10
ENSG00000197279,6
ENSG00000197283,7
ENSG00000197296,19
ENSG00000197299,10
ENSG00000197321,3
ENSG00000197332,17
ENSG00000197353,15
ENSG00000197355,19
ENSG00000197375,19
ENSG00000197380,20
ENSG00000197385,4
ENSG00000197415,2
ENSG00000197429,11
ENSG00000197442,3
ENSG00000197444,13
ENSG00000197448,13
ENSG00000197451,10
ENSG00000197457,2
ENSG00000197467,17
ENSG00000197472,10
ENSG00000197479,13
ENSG00000197496,15
ENSG00000197498,17
ENSG00000197506,17
ENSG00000197535,10
ENSG00000197536,8
ENSG00000197557,20
ENSG00000197558,15
ENSG00000197568,20
ENSG00000197622,18
ENSG00000197632,17
ENSG00000197647,20
ENSG00000197712,13
ENSG00000197747,13
ENSG00000197757,19
ENSG00000197771,17
ENSG00000197774,16
ENSG00000197785,10
ENSG00000197857,20
ENSG00000197859,5
ENSG00000197860,13
ENSG00000197892,16
ENSG00000197903,5
ENSG00000197905,17
ENSG00000197958,6
ENSG00000197959,17
ENSG00000197961,4
ENSG00000197971,16
ENSG00000197978,7
ENSG00000197989,17
ENSG00000198000,10
ENSG00000198042,3
ENSG00000198055,10
ENSG00000198056,10
ENSG00000198064,8
ENSG00000198075,5
ENSG00000198113,9
ENSG00000198125,13
ENSG00000198133,20
ENSG00000198142,3
ENSG00000198146,2
ENSG00000198176,10
ENSG00000198189,17
ENSG00000198221,13
ENSG00000198246,20
ENSG00000198286,2
ENSG00000198298,3
ENSG00000198301,10
ENSG00000198324,20
ENSG00000198369,9
ENSG00000198380,13
ENSG00000198393,17
ENSG00000198406,6
ENSG00000198417,11
ENSG00000198420,8
ENSG00000198431,10
ENSG00000198478,20
ENSG00000198483,11
ENSG00000198496,13
ENSG00000198498,10
ENSG00000198513,20
ENSG00000198515,8
ENSG00000198517,9
ENSG00000198535,6
ENSG00000198554,10
ENSG00000198569,16
ENSG00000198624,19
ENSG00000198626,6
ENSG00000198680,10
ENSG00000198707,1
ENSG00000198715,20
ENSG00000198719,20
ENSG00000198720,4
ENSG00000198758,9
ENSG00000198768,17
ENSG00000198780,15
ENSG00000198796,13
ENSG00000198805,10
ENSG00000198814,10
ENSG00000198825,9
ENSG00000198826,6
ENSG00000198832,13
ENSG00000198835,3
ENSG00000198860,15
ENSG00000198873,17
ENSG00000198901,6
ENSG00000198908,5
ENSG00000198910,17
ENSG00000198911,13
ENSG00000198919,11
ENSG00000198924,10
ENSG00000198929,9
ENSG00000198945,3
ENSG00000198947,4
ENSG00000198948,20
ENSG00000198959,13
ENSG00000198961,7
ENSG00000203499,4
ENSG00000203546,20
ENSG00000203697,17
ENSG00000203705,2
ENSG00000203706,17
ENSG00000203709,16
ENSG00000203727,3
ENSG00000203760,6
ENSG00000203778,1
ENSG00000203780,13
ENSG00000203783,17
ENSG00000203857,13
ENSG00000203865,8
ENSG00000203875,14
ENSG00000204052,16
ENSG00000204054,13
ENSG00000204060,20
ENSG00000204072,1
ENSG00000204099,13
ENSG00000204128,2
ENSG00000204149,14
ENSG00000204174,13
ENSG00000204175,20
ENSG00000204217,9
ENSG00000204257,13
ENSG00000204261,20
ENSG00000204264,13
ENSG00000204272,15
ENSG00000204301,17
ENSG00000204308,11
ENSG00000204310,7
ENSG00000204315,6
ENSG00000204323,19
ENSG00000204334,15
ENSG00000204362,4
ENSG00000204371,11
ENSG00000204385,15
ENSG00000204386,20
ENSG00000204387,2
ENSG00000204388,5
ENSG00000204390,10
ENSG00000204394,6
ENSG00000204396,7
ENSG00000204397,15
ENSG00000204420,11
ENSG00000204421,20
ENSG00000204472,7
ENSG00000204498,15
ENSG00000204519,17
ENSG00000204525,13
ENSG00000204528,18
ENSG00000204531,19
ENSG00000204542,6
ENSG00000204556,6
ENSG00000204564,10
ENSG00000204576,16
ENSG00000204588,9
ENSG00000204592,13
ENSG00000204599,14
ENSG00000204610,1
ENSG00000204618,7
ENSG00000204622,15
ENSG00000204628,6
ENSG00000204642,15
ENSG00000204682,13
ENSG00000204713,16
ENSG00000204779,10
ENSG00000204789,7
ENSG00000204839,11
ENSG00000204856,10
ENSG00000204869,3
ENSG00000204899,10
ENSG00000204922,10
ENSG00000204923,20
ENSG00000204936,13
ENSG00000204941,13
ENSG00000204947,13
ENSG00000204954,14
ENSG00000204959,16
ENSG00000204983,15
ENSG00000204991,7
ENSG00000205076,17
ENSG00000205116,7
ENSG00000205208,10
ENSG00000205213,5
ENSG00000205220,13
ENSG00000205325,3
ENSG00000205336,15
ENSG00000205339,10
ENSG00000205413,7
ENSG00000205436,13
ENSG00000205485,18
ENSG00000205544,11
ENSG00000205559,8
ENSG00000205593,13
ENSG00000205683,5
ENSG00000205746,2
ENSG00000205754,4
ENSG00000205763,3
ENSG00000205913,15
ENSG00000205937,17
ENSG00000205978,11
ENSG00000206077,7
ENSG00000206140,1
ENSG00000206337,19
ENSG00000206344,5
ENSG00000206417,5
ENSG00000206418,10
ENSG00000206562,7
ENSG00000206567,7
ENSG00000211445,7
ENSG00000211459,13
ENSG00000212123,17
ENSG00000212127,3
ENSG00000212232,6
ENSG00000212643,18
ENSG00000212694,5
ENSG00000212724,17
ENSG00000212901,1
ENSG00000213030,18
ENSG00000213057,12
ENSG00000213062,19
ENSG00000213089,10
ENSG00000213100,3
ENSG00000213145,7
ENSG00000213160,3
ENSG00000213185,15
ENSG00000213186,6
ENSG00000213189,2
ENSG00000213190,4
ENSG00000213213,13
ENSG00000213214,9
ENSG00000213221,10
ENSG00000213316,7
ENSG00000213339,10
ENSG00000213341,10
ENSG00000213347,6
ENSG00000213366,15
ENSG00000213390,6
ENSG00000213397,10
ENSG00000213412,12
ENSG00000213445,13
ENSG00000213468,4
ENSG00000213551,10
ENSG00000213626,3
ENSG00000213654,3
ENSG00000213694,6
ENSG00000213742,18
ENSG00000213853,20
ENSG00000213886,15
ENSG00000213888,11
ENSG00000213889,7
ENSG00000213918,7
ENSG00000213928,13
ENSG00000213930,7
ENSG00000213937,11
ENSG00000213949,6
ENSG00000213977,20
ENSG00000213999,13
ENSG00000214013,7
ENSG00000214021,13
ENSG00000214050,11
ENSG00000214106,20
ENSG00000214145,20
ENSG00000214193,20
ENSG00000214249,1
ENSG00000214263,6
ENSG00000214274,7
ENSG00000214290,13
ENSG00000214309,10
ENSG00000214367,10
ENSG00000214413,4
ENSG00000214447,7
ENSG00000214455,2
ENSG00000214595,7
ENSG00000214654,8
ENSG00000214706,10
ENSG00000214708,20
ENSG00000214756,6
ENSG00000214765,12
ENSG00000214796,12
ENSG00000214826,10
ENSG00000214860,7
ENSG00000214900,11
ENSG00000214922,11
ENSG00000214967,2
ENSG00000214970,17
ENSG00000215012,16
ENSG00000215018,9
ENSG00000215067,5
ENSG00000215126,9
ENSG00000215154,3
ENSG00000215190,14
ENSG00000215246,16
ENSG00000215271,20
ENSG00000215375,15
ENSG00000215417,3
ENSG00000215440,13
ENSG00000215769,13
ENSG00000215784,6
ENSG00000215788,7
ENSG00000215910,13
ENSG00000216490,20
ENSG00000216775,5
ENSG00000217060,14
ENSG00000217555,10
ENSG00000217801,7
ENSG00000217930,17
ENSG00000218336,15
ENSG00000218416,1
ENSG00000218510,3
ENSG00000219200,11
ENSG00000219626,13
ENSG00000219665,6
ENSG00000219891,5
ENSG00000220323,5
ENSG00000221817,20
ENSG00000221826,13
ENSG00000221829,10
ENSG00000221869,15
ENSG00000221878,20
ENSG00000221886,18
ENSG00000221926,9
ENSG00000221963,13
ENSG00000222009,4
ENSG00000222033,7
ENSG00000222041,17
ENSG00000223459,15
ENSG00000223478,5
ENSG00000223572,13
ENSG00000223685,16
ENSG00000223760,11
ENSG00000223768,13
ENSG00000223804,3
ENSG00000223823,11
ENSG00000223891,11
ENSG00000223959,10
ENSG00000224032,3
ENSG00000224126,10
ENSG00000224152,6
ENSG00000224186,20
ENSG00000224259,20
ENSG00000224271,2
ENSG00000224294,6
ENSG00000224417,4
ENSG00000224418,6
ENSG00000224511,2
ENSG00000224531,14
ENSG00000224559,11
ENSG00000224596,15
ENSG00000224689,20
ENSG00000224769,7
ENSG00000224790,3
ENSG00000224861,10
ENSG00000224877,10
ENSG00000224897,13
ENSG00000224914,19
ENSG00000224945,3
ENSG00000225138,20
ENSG00000225177,15
ENSG00000225321,10
ENSG00000225377,7
ENSG00000225431,13
ENSG00000225489,7
ENSG00000225526,11
ENSG00000225556,4
ENSG00000225648,17
ENSG00000225697,20
ENSG00000225746,12
ENSG00000225828,20
ENSG00000225855,15
ENSG00000225868,19
ENSG00000225921,10
ENSG00000225932,16
ENSG00000225950,13
ENSG00000225969,13
ENSG00000226067,4
ENSG00000226137,7
ENSG00000226200,20
ENSG00000226287,4
ENSG00000226312,17
ENSG00000226328,13
ENSG00000226332,19
ENSG00000226377,4
ENSG00000226416,13
ENSG00000226419,2
ENSG00000226436,18
ENSG00000226453,14
ENSG00000226620,14
ENSG00000226688,17
ENSG00000226824,2
ENSG00000226964,19
ENSG00000227039,4
ENSG00000227080,7
ENSG00000227081,6
ENSG00000227199,2
ENSG00000227258,17
ENSG00000227268,18
ENSG00000227354,12
ENSG00000227376,14
ENSG00000227398,10
ENSG00000227540,17
ENSG00000227640,17
ENSG00000227827,2
ENSG00000227877,20
ENSG00000227896,6
ENSG00000227946,11
ENSG00000228175,5
ENSG00000228305,6
ENSG00000228314,13
ENSG00000228463,19
ENSG00000228506,5
ENSG00000228570,8
ENSG00000228649,10
ENSG00000228705,9
ENSG00000228824,14
ENSG00000228903,7
ENSG00000228917,19
ENSG00000229056,15
ENSG00000229167,4
ENSG00000229320,4
ENSG00000229619,3
ENSG00000229644,9
ENSG00000229666,9
ENSG00000229676,10
ENSG00000229719,11
ENSG00000229950,15
ENSG00000229953,2
ENSG00000229980,11
ENSG00000230074,8
ENSG00000230082,6
ENSG00000230124,10
ENSG00000230316,16
ENSG00000230359,2
ENSG00000230445,20
ENSG00000230450,6
ENSG00000230479,10
ENSG00000230529,20
ENSG00000230533,1
ENSG00000230650,2
ENSG00000230699,15
ENSG00000230797,6
ENSG00000230937,16
ENSG00000231066,10
ENSG00000231074,9
ENSG00000231083,15
ENSG00000231187,11
ENSG00000231365,18
ENSG00000231500,10
ENSG00000231607,6
ENSG00000231806,7
ENSG00000231889,10
ENSG00000231924,13
ENSG00000231925,13
ENSG00000232070,11
ENSG00000232133,4
ENSG00000232237,11
ENSG00000232442,17
ENSG00000232445,17
ENSG00000232453,7
ENSG00000232586,17
ENSG00000232628,20
ENSG00000232774,2
ENSG00000232859,13
ENSG00000232931,3
ENSG00000232938,11
ENSG00000232956,3
ENSG00000232995,6
ENSG00000233006,19
ENSG00000233017,11
ENSG00000233024,9
ENSG00000233030,19
ENSG00000233041,15
ENSG00000233056,3
ENSG00000233175,7
ENSG00000233183,14
ENSG00000233184,15
ENSG00000233198,13
ENSG00000233232,13
ENSG00000233369,20
ENSG00000233380,12
ENSG00000233396,19
ENSG00000233559,17
ENSG00000233589,6
ENSG00000233622,20
ENSG00000233654,10
ENSG00000233695,11
ENSG00000233757,15
ENSG00000233818,10
ENSG00000233828,14
ENSG00000233930,13
ENSG00000234031,6
ENSG00000234129,10
ENSG00000234171,17
ENSG00000234350,7
ENSG00000234373,12
ENSG00000234494,3
ENSG00000234664,6
ENSG00000234678,20
ENSG00000234690,13
ENSG00000234694,1
ENSG00000234719,14
ENSG00000234741,2
ENSG00000234745,15
ENSG00000234805,3
ENSG00000234807,17
ENSG00000234840,13
ENSG00000234906,4
ENSG00000234912,17
ENSG00000234996,12
ENSG00000235092,2
ENSG00000235098,5
ENSG00000235105,20
ENSG00000235109,20
ENSG00000235174,6
ENSG00000235257,4
ENSG00000235280,9
ENSG00000235374,7
ENSG00000235381,9
ENSG00000235453,19
ENSG00000235501,20
ENSG00000235513,12
ENSG00000235559,10
ENSG00000235560,6
ENSG00000235590,6
ENSG00000235621,13
ENSG00000235750,9
ENSG00000235831,9
ENSG00000235847,6
ENSG00000235852,17
ENSG00000235863,13
ENSG00000236008,13
ENSG00000236017,15
ENSG00000236088,18
ENSG00000236104,7
ENSG00000236255,4
ENSG00000236263,6
ENSG00000236384,20
ENSG00000236432,12
ENSG00000236493,16
ENSG00000236618,6
ENSG00000236778,7
ENSG00000236790,15
ENSG00000236824,6
ENSG00000236852,17
ENSG00000236914,3
ENSG00000237036,7
ENSG00000237037,7
ENSG00000237149,13
ENSG00000237190,6
ENSG00000237289,13
ENSG00000237330,6
ENSG00000237356,18
ENSG00000237399,17
ENSG00000237550,6
ENSG00000237638,17
ENSG00000237649,6
ENSG00000237807,13
ENSG00000237883,6
ENSG00000237886,7
ENSG00000237943,4
ENSG00000237945,7
ENSG00000237975,7
ENSG00000237984,6
ENSG00000238045,13
ENSG00000239213,19
ENSG00000239282,13
ENSG00000239467,13
ENSG00000239521,20
ENSG00000239569,5
ENSG00000239672,6
ENSG00000239713,7
ENSG00000239779,7
ENSG00000239789,10
ENSG00000239887,9
ENSG00000239900,17
ENSG00000240065,13
ENSG00000240194,20
ENSG00000240230,2
ENSG00000240253,6
ENSG00000240303,13
ENSG00000240342,6
ENSG00000240356,4
ENSG00000240370,19
ENSG00000240476,17
ENSG00000240583,5
ENSG00000240809,10
ENSG00000240891,19
ENSG00000241014,16
ENSG00000241058,1
ENSG00000241104,7
ENSG00000241106,13
ENSG00000241322,3
ENSG00000241343,6
ENSG00000241360,17
ENSG00000241399,11
ENSG00000241489,15
ENSG00000241494,6
ENSG00000241549,14
ENSG00000241769,15
ENSG00000241852,16
ENSG00000241945,17
ENSG00000242067,14
ENSG00000242082,7
ENSG00000242110,20
ENSG00000242114,6
ENSG00000242125,10
ENSG00000242193,13
ENSG00000242221,13
ENSG00000242590,16
ENSG00000242612,8
ENSG00000243130,13
ENSG00000243137,7
ENSG00000243156,3
ENSG00000243335,1
ENSG00000243364,19
ENSG00000243406,14
ENSG00000243479,1
ENSG00000243566,13
ENSG00000243646,11
ENSG00000243649,15
ENSG00000243660,12
ENSG00000243696,13
ENSG00000243742,5
ENSG00000243749,13
ENSG00000243896,2
ENSG00000244026,2
ENSG00000244094,17
ENSG00000244165,17
ENSG00000244187,7
ENSG00000244198,16
ENSG00000244257,2
ENSG00000244405,3
ENSG00000244486,13
ENSG00000244558,13
ENSG00000244694,18
ENSG00000244722,10
ENSG00000244879,18
ENSG00000245060,20
ENSG00000245213,11
ENSG00000245248,10
ENSG00000245317,1
ENSG00000245552,12
ENSG00000245571,7
ENSG00000245614,10
ENSG00000245648,13
ENSG00000245694,20
ENSG00000245719,20
ENSG00000245750,13
ENSG00000245848,6
ENSG00000245849,7
ENSG00000245910,10
ENSG00000246089,6
ENSG00000246263,11
ENSG00000246465,17
ENSG00000246582,9
ENSG00000246985,13
ENSG00000247092,17
ENSG00000247095,13
ENSG00000247271,11
ENSG00000247400,11
ENSG00000247498,11
ENSG00000247572,19
ENSG00000247626,17
ENSG00000247735,11
ENSG00000247934,14
ENSG00000248124,9
ENSG00000248275,6
ENSG00000248323,3
ENSG00000248405,11
ENSG00000248540,4
ENSG00000248583,11
ENSG00000248593,11
ENSG00000248673,16
ENSG00000248712,13
ENSG00000248866,15
ENSG00000248905,7
ENSG00000248919,15
ENSG00000249007,11
ENSG00000249042,11
ENSG00000249306,4
ENSG00000249307,6
ENSG00000249353,10
ENSG00000249565,10
ENSG00000249673,9
ENSG00000249685,3
ENSG00000249699,3
ENSG00000249859,3
ENSG00000249898,10
ENSG00000250016,14
ENSG00000250151,16
ENSG00000250251,2
ENSG00000250264,9
ENSG00000250317,3
ENSG00000250318,13
ENSG00000250337,5
ENSG00000250420,6
ENSG00000250509,9
ENSG00000250539,5
ENSG00000250644,15
ENSG00000250722,13
ENSG00000250742,7
ENSG00000250786,11
ENSG00000250899,10
ENSG00000251022,15
ENSG00000251095,5
ENSG00000251136,8
ENSG00000251138,2
ENSG00000251169,16
ENSG00000251192,13
ENSG00000251247,11
ENSG00000251364,13
ENSG00000251485,3
ENSG00000251537,3
ENSG00000251615,15
ENSG00000251637,1
ENSG00000251669,2
ENSG00000252690,17
ENSG00000253103,5
ENSG00000253161,7
ENSG00000253227,10
ENSG00000253251,10
ENSG00000253313,11
ENSG00000253361,15
ENSG00000253368,3
ENSG00000253414,7
ENSG00000253485,1
ENSG00000253552,9
ENSG00000253669,7
ENSG00000253671,20
ENSG00000253729,10
ENSG00000253731,13
ENSG00000253846,8
ENSG00000253910,15
ENSG00000253958,16
ENSG00000253982,15
ENSG00000254027,16
ENSG00000254044,19
ENSG00000254093,10
ENSG00000254122,15
ENSG00000254153,11
ENSG00000254166,3
ENSG00000254221,20
ENSG00000254231,3
ENSG00000254402,15
ENSG00000254416,14
ENSG00000254531,16
ENSG00000255135,6
ENSG00000255152,14
ENSG00000255153,5
ENSG00000255182,8
ENSG00000255185,5
ENSG00000255284,19
ENSG00000255468,13
ENSG00000255474,17
ENSG00000255624,5
ENSG00000255717,17
ENSG00000255769,1
ENSG00000255774,4
ENSG00000255856,19
ENSG00000255857,6
ENSG00000255872,9
ENSG00000255874,5
ENSG00000256043,13
ENSG00000256073,11
ENSG00000256101,1
ENSG00000256223,12
ENSG00000256235,4
ENSG00000256269,10
ENSG00000256377,6
ENSG00000256417,15
ENSG00000256433,9
ENSG00000256542,11
ENSG00000256552,12
ENSG00000256576,7
ENSG00000256594,4
ENSG00000256612,15
ENSG00000256628,1
ENSG00000256663,10
ENSG00000256664,12
ENSG00000256806,7
ENSG00000256943,11
ENSG00000256977,5
ENSG00000257038,15
ENSG00000257046,12
ENSG00000257084,20
ENSG00000257086,16
ENSG00000257135,15
ENSG00000257283,13
ENSG00000257354,14
ENSG00000257512,17
ENSG00000257556,13
ENSG00000257588,4
ENSG00000257594,4
ENSG00000257702,20
ENSG00000258311,19
ENSG00000258417,12
ENSG00000258429,17
ENSG00000258474,10
ENSG00000258498,3
ENSG00000258659,7
ENSG00000258708,14
ENSG00000258727,16
ENSG00000258768,7
ENSG00000258818,13
ENSG00000259120,20
ENSG00000259132,11
ENSG00000259256,9
ENSG00000259345,18
ENSG00000259429,15
ENSG00000259479,13
ENSG00000259583,16
ENSG00000259605,7
ENSG00000259623,10
ENSG00000259699,12
ENSG00000259726,1
ENSG00000259768,1
ENSG00000259781,6
ENSG00000259867,3
ENSG00000259904,11
ENSG00000259952,17
ENSG00000259959,17
ENSG00000259994,18
ENSG00000260000,18
ENSG00000260007,14
ENSG00000260025,7
ENSG00000260027,9
ENSG00000260193,5
ENSG00000260219,20
ENSG00000260231,2
ENSG00000260267,16
ENSG00000260274,12
ENSG00000260328,3
ENSG00000260428,13
ENSG00000260442,6
ENSG00000260537,10
ENSG00000260604,16
ENSG00000260630,13
ENSG00000260704,11
ENSG00000260793,15
ENSG00000260805,5
ENSG00000260877,3
ENSG00000260899,8
ENSG00000260916,15
ENSG00000260953,15
ENSG00000261052,20
ENSG00000261061,17
ENSG00000261068,5
ENSG00000261087,1
ENSG00000261104,5
ENSG00000261114,20
ENSG00000261189,2
ENSG00000261236,10
ENSG00000261308,11
ENSG00000261373,17
ENSG00000261437,5
ENSG00000261490,17
ENSG00000261572,6
ENSG00000261578,6
ENSG00000261587,7
ENSG00000261613,8
ENSG00000261716,5
ENSG00000261771,1
ENSG00000261780,6
ENSG00000261793,10
ENSG00000261824,15
ENSG00000261863,19
ENSG00000261884,14
ENSG00000261888,15
ENSG00000261971,13
ENSG00000262001,3
ENSG00000262152,13
ENSG00000262209,15
ENSG00000262352,13
ENSG00000262468,11
ENSG00000262619,9
ENSG00000262712,10
ENSG00000262772,13
ENSG00000262814,10
ENSG00000262877,20
ENSG00000263001,11
ENSG00000263235,10
ENSG00000263272,10
ENSG00000263335,20
ENSG00000263465,10
ENSG00000263513,6
ENSG00000263528,7
ENSG00000263551,11
ENSG00000263563,11
ENSG00000263620,18
ENSG00000263639,13
ENSG00000264230,8
ENSG00000264343,15
ENSG00000264424,17
ENSG00000264717,13
ENSG00000265096,19
ENSG00000265190,20
ENSG00000265246,19
ENSG00000265666,9
ENSG00000265688,9
ENSG00000265690,15
ENSG00000265763,5
ENSG00000265787,15
ENSG00000265794,6
ENSG00000265817,3
ENSG00000265972,15
ENSG00000266010,11
ENSG00000266028,7
ENSG00000266074,11
ENSG00000266088,17
ENSG00000266094,12
ENSG00000266173,20
ENSG00000266338,9
ENSG00000266401,4
ENSG00000266680,8
ENSG00000266707,6
ENSG00000266801,6
ENSG00000266916,6
ENSG00000266921,13
ENSG00000266967,6
ENSG00000266976,19
ENSG00000267100,6
ENSG00000267107,5
ENSG00000267169,18
ENSG00000267198,4
ENSG00000267228,6
ENSG00000267248,1
ENSG00000267249,10
ENSG00000267259,7
ENSG00000267260,3
ENSG00000267278,7
ENSG00000267309,19
ENSG00000267321,6
ENSG00000267374,17
ENSG00000267432,9
ENSG00000267496,15
ENSG00000267520,12
ENSG00000267534,16
ENSG00000267681,15
ENSG00000267795,15
ENSG00000267796,19
ENSG00000267858,7
ENSG00000267892,3
ENSG00000267924,11
ENSG00000268006,20
ENSG00000268350,8
ENSG00000268460,4
ENSG00000268510,7
ENSG00000268516,19
ENSG00000268621,11
ENSG00000268658,11
ENSG00000268812,17
ENSG00000268942,6
ENSG00000269113,9
ENSG00000269313,11
ENSG00000269343,10
ENSG00000269352,17
ENSG00000269386,20
ENSG00000269439,17
ENSG00000269473,14
ENSG00000269564,7
ENSG00000269711,19
ENSG00000269713,9
ENSG00000269821,19
ENSG00000269837,19
ENSG00000269893,3
ENSG00000269906,3
ENSG00000269937,2
ENSG00000269958,10
ENSG00000269959,11
ENSG00000269983,10
ENSG00000270049,11
ENSG00000270069,4
ENSG00000270149,15
ENSG00000270157,15
ENSG00000270164,6
ENSG00000270231,9
ENSG00000270344,4
ENSG00000270362,19
ENSG00000270504,15
ENSG00000270562,5
ENSG00000270580,15
ENSG00000270605,20
ENSG00000270641,13
ENSG00000270647,10
ENSG00000270820,5
ENSG00000270872,13
ENSG00000270933,11
ENSG00000270959,13
ENSG00000270977,5
ENSG00000271121,3
ENSG00000271201,20
ENSG00000271303,10
ENSG00000271361,4
ENSG00000271380,1
ENSG00000271503,8
ENSG00000271646,16
ENSG00000271737,11
ENSG00000271755,19
ENSG00000271780,1
ENSG00000271781,4
ENSG00000271853,11
ENSG00000271858,13
ENSG00000271936,10
ENSG00000272031,7
ENSG00000272046,9
ENSG00000272079,7
ENSG00000272141,20
ENSG00000272189,17
ENSG00000272221,19
ENSG00000272398,3
ENSG00000272405,9
ENSG00000272419,16
ENSG00000272449,5
ENSG00000272462,9
ENSG00000272502,13
ENSG00000272512,10
ENSG00000272556,8
ENSG00000272636,15
ENSG00000272666,2
ENSG00000272668,13
ENSG00000272674,13
ENSG00000272686,4
ENSG00000272688,11
ENSG00000272695,11
ENSG00000272711,9
ENSG00000272732,4
ENSG00000272734,8
ENSG00000272767,11
ENSG00000272831,20
ENSG00000272848,16
ENSG00000272886,4
ENSG00000272894,10
ENSG00000272902,11
ENSG00000272941,2
ENSG00000272975,17
ENSG00000273032,14
ENSG00000273033,20
ENSG00000273062,8
ENSG00000273066,19
ENSG00000273145,7
ENSG00000273186,15
ENSG00000273247,10
ENSG00000273301,17
ENSG00000273382,8
ENSG00000273486,5
ENSG00000273541,6
ENSG00000273568,10
ENSG00000273706,5
ENSG00000273712,20
ENSG00000273729,11
ENSG00000273760,12
ENSG00000273783,16
ENSG00000273784,14
ENSG00000273802,5
ENSG00000273820,13
ENSG00000274002,19
ENSG00000274020,20
ENSG00000274026,20
ENSG00000274070,19
ENSG00000274173,19
ENSG00000274180,13
ENSG00000274214,17
ENSG00000274265,6
ENSG00000274272,19
ENSG00000274276,7
ENSG00000274322,1
ENSG00000274460,11
ENSG00000274588,17
ENSG00000274602,7
ENSG00000274605,15
ENSG00000274611,17
ENSG00000274712,11
ENSG00000274750,20
ENSG00000274760,2
ENSG00000274808,13
ENSG00000274979,11
ENSG00000275023,9
ENSG00000275066,19
ENSG00000275074,13
ENSG00000275131,20
ENSG00000275202,1
ENSG00000275342,9
ENSG00000275410,19
ENSG00000275437,5
ENSG00000275464,17
ENSG00000275620,11
ENSG00000275700,10
ENSG00000275740,14
ENSG00000275895,12
ENSG00000276043,10
ENSG00000276116,7
ENSG00000276141,3
ENSG00000276256,8
ENSG00000276317,13
ENSG00000276529,10
ENSG00000276600,5
ENSG00000276672,10
ENSG00000276728,1
ENSG00000276850,20
ENSG00000276950,16
ENSG00000277053,20
ENSG00000277117,3
ENSG00000277159,9
ENSG00000277161,10
ENSG00000277287,20
ENSG00000277443,7
ENSG00000277449,15
ENSG00000277462,4
ENSG00000277496,20
ENSG00000277879,10
ENSG00000277969,17
ENSG00000278023,6
ENSG00000278259,17
ENSG00000278266,12
ENSG00000278291,3
ENSG00000278299,8
ENSG00000278535,20
ENSG00000278558,20
ENSG00000278611,17
ENSG00000278615,6
ENSG00000278619,17
ENSG00000278662,9
ENSG00000278768,11
ENSG00000278828,5
ENSG00000278869,7
ENSG00000278948,13
ENSG00000278952,5
ENSG00000279094,10
ENSG00000279117,20
ENSG00000279170,5
ENSG00000279208,5
ENSG00000279228,20
ENSG00000279278,16
ENSG00000279406,19
ENSG00000279453,2
ENSG00000279483,14
ENSG00000279631,5
ENSG00000279673,4
ENSG00000279692,17
ENSG00000279718,18
ENSG00000279806,3
ENSG00000280071,13
ENSG00000280088,10
ENSG00000280106,16
ENSG00000280128,7
ENSG00000280129,18
ENSG00000280145,5
ENSG00000280173,16
ENSG00000280187,7
ENSG00000280195,7
ENSG00000280206,6
ENSG00000280279,2
ENSG00000280303,13
ENSG00000280330,18
ENSG00000280341,17
ENSG00000280347,14
ENSG00000280587,1
ENSG00000280693,6
ENSG00000280780,20
ENSG00000280789,10
ENSG00000280800,14
ENSG00000280893,6
ENSG00000281026,20
ENSG00000281189,20
ENSG00000281398,10
ENSG00000281406,13
ENSG00000281991,15
ENSG00000282393,17
ENSG00000282851,15
ENSG00000282993,2
ENSG00000283294,4
ENSG00000283405,6
ENSG00000283440,7
ENSG00000283453,4
ENSG00000283549,11
ENSG00000283828,12
ENSG00000283999,20
ENSG00000284048,20
ENSG00000284196,11
ENSG00000284428,19
ENSG00000284620,17
ENSG00000284691,20
ENSG00000284753,10
ENSG00000284776,14
ENSG00000284879,17
ENSG00000284906,6
ENSG00000284946,6
ENSG00000284948,13
ENSG00000284968,16
ENSG00000284976,16
ENSG00000285043,4
ENSG00000285077,6
ENSG00000285106,3
ENSG00000285128,16
ENSG00000285230,1
ENSG00000285292,10
ENSG00000285294,11
ENSG00000285330,15
ENSG00000285382,7
ENSG00000285407,12
ENSG00000285427,1
ENSG00000285437,19
ENSG00000285508,6
ENSG00000285517,17
ENSG00000285554,20
ENSG00000285565,11
ENSG00000285572,17
ENSG00000285625,10
ENSG00000285723,6
ENSG00000285725,2
ENSG00000285771,11
ENSG00000285816,4
ENSG00000285906,4
ENSG00000285933,7
ENSG00000285953,18
ENSG00000285982,17
ENSG00000286033,8
ENSG00000286058,11
ENSG00000286134,15
ENSG00000286155,10
ENSG00000286220,5
ENSG00000286324,17
ENSG00000286405,1
ENSG00000286416,1
ENSG00000286619,3
ENSG00000286785,15
ENSG00000286812,13
ENSG00000286827,14
ENSG00000286912,16
ENSG00000287064,5
ENSG00000287117,17
ENSG00000287301,11
ENSG00000287312,6
ENSG00000287356,15
ENSG00000287382,17
ENSG00000287445,1
ENSG00000287526,15
ENSG00000287562,18
ENSG00000287719,13
ENSG00000287737,7
ENSG00000287778,3
ENSG00000287839,11
ENSG00000287860,5
ENSG00000287906,5
ENSG00000287933,1
ENSG00000288007,11
ENSG00000288187,18
ENSG00000288550,13
ENSG00000288559,12
ENSG00000288587,18
ENSG00000288596,11
ENSG00000288632,3
ENSG00000288675,7
ENSG00000288684,6
ENSG00000288710,10
ENSG00000288722,3
