"Protein","Position","Quantification"
"O15440","T513",-1.01722
"Q8NE71","S105",5.58444
"Q8NE71","T108",0.91055
"P00519","S808",0.62341
"Q13085","S23",-1.43278
"Q13085","S25",-1.43278
"Q13085","S29",0.348033
"Q9UKV3","S132",0.608638
"Q9UKV3","S386",-2.07423
"Q9UKV3","S388",-2.08567
"Q9UKV3","S490",-0.702545
"Q9UKV3","S499",-1.41489
"P33121","Y693",-0.715742
"O43707","S381",-0.734534
"Q9UEY8","S592",6.54369
"Q6ZN18","S18",-2.68388
"Q6ZN18","S24",-2.46282
"Q8N556","S282",1.10272
"Q8N556","S664",-0.919214
"P55196","S1799",1.11116
"Q9UHB7","S1043",0.649878
"Q9UHB7","Y712",-1.11495
"P52594","T177",-1.1931
"Q09666","S5841",-1.91421
"Q8IVF2","S2006",0.739489
"Q8IVF2","S2353",0.350765
"Q12802","S1731",-0.747725
"Q9Y2D5","S720",-0.874403
"Q9Y2D5","S720",-1.15185
"Q6P6C2","S371",-0.346914
"Q6DCA0","S74",-0.50884
"Q9H1A4","S731",1.116
"Q9UJX6","S732",-0.900195
"Q9UJX6","S736",-0.900195
"Q6UB99","S834",-0.403164
"Q6UB98","T1371",5.06084
"Q9NQW6","S72",0.843148
"Q92870","S216",4.45108
"P25054","S2789",0.85291
"P25054","Y2838",-0.534817
"P10398","T181",-2.4965
"P10398","T181",-1.55311
"Q9NP61","S331",0.669124
"Q9Y6D5","S1528",0.45441
"Q9Y6D5","S277",-0.809157
"Q5TH69","S2097",0.588158
"Q07960","S49",-0.468181
"Q5T5U3","S1680",-1.3585
"Q5T5U3","T1677",-1.3585
"Q9NRY4","S1134",-1.43216
"A0A590UK10;Q6ZSZ5","S1045",-0.85013
"A0A590UK10;Q6ZSZ5","S1045",-0.85013
"A0A590UK10;Q6ZSZ5","S1045",-1.80502
"A0A590UK10;Q6ZSZ5","S1045",-1.80502
"Q92974","S172",0.3943
"Q92974","S645",1.11507
"A0A2R8YFR7;Q12774","S1126",0.574254
"Q14865","T539",5.05554
"Q8N6S5","S2",0.760539
"Q8N2F6","S45",-0.468817
"Q9UH62","S110",4.86926
"P56211","S2",0.615061
"P56211","S62",0.812082
"Q9NVP2","S198",1.39434
"Q76L83","S565",4.82418
"Q8NBU5","S322",0.635491
"P15336","T71",1.37508
"P17544","S100",3.87085
"Q2TAZ0","S1653",3.59111
"Q96BY7","S1583",-0.656334
"Q9Y4P1","Y8",-1.12066
"Q7Z3C6","S828",0.772348
"P54259","S677",2.52332
"Q8NB49","S445",0.449973
"P23634","T1181",-2.74275
"P46100","S889",0.365281
"P0C7T5","S361",1.53255
"P0C7T5","T330",3.07671
"Q9H7T9","S292",-0.631967
"Q9H7T9","S292",2.44048
"O15169","S77",5.81314
"Q9Y2T1","S651",-0.882925
"Q9Y2T1","S652",-0.882925
"Q9Y2T1","T449",1.00147
"O95429","S283",-1.07416
"Q92560","S292",1.11667
"Q8IXM2","S106",2.88943
"Q9NRL2","S1279",0.970972
"Q9NRL2","S1339",-0.836974
"Q9NRL2","S1353",-0.836974
"Q9NRL2","T731",1.69151
"Q9UIG0","S1468",0.54024
"Q9UIG0","S1468",-2.1062
"Q9UIG0","S361",0.684438
"Q9UIG0","S361",0.491609
"Q9HB09","S121",-0.449904
"Q9HB09","S121",-0.646192
"Q9HB09","S121",-0.491005
"Q9BXK5","S441",1.29853
"Q8WUZ0","S114",-4.89452
"Q8WUZ0","S114",-5.01947
"Q8WUZ0","S97",0.402666
"Q86UU0","S934",0.848742
"Q86UU0","S975",-0.470859
"Q6W2J9","S1139",1.08825
"Q6W2J9","S423",1.66373
"O00499","S296",-1.01268
"O00499","S298",-1.01268
"Q9NR09","S462",0.858925
"P0C671","T521",1.69767
"Q9Y3E2","S81",0.924553
"Q12830","S2473",0.521923
"Q12830","S2473",-6.18293
"Q12830","T2475",0.521923
"Q12830","T2475",-6.18293
"P15056","S729",1.25392
"P38398","S378",1.02009
"P25440","S603",-0.657619
"P25440","S603",0.937027
"Q9H8M2","T103",0.809464
"O43683","S596",-0.974382
"Q9BRD0","S364",-1.84391
"Q9BRD0","S370",-2.36436
"Q9BRD0","S372",-1.84391
"Q9BRD0","S375",-1.84391
"Q13895","S98",0.853784
"Q96B23","S327",4.51675
"Q9H425","S175",0.869215
"Q9H425","S272",1.18696
"Q9H425","S272",0.716561
"Q9H425","S273",1.18696
"Q9H425","S273",0.716561
"Q9H425","S281",1.18696
"Q9H425","S281",0.716561
"A1L170","S249",0.55586
"Q8N6N3","T155",0.898437
"Q8N6N3","T155",-6.56553
"Q9BVC5","S193",2.54492
"Q5T0Z8","S965",-1.00505
"Q5T0Z8","S969",-1.00505
"Q5T0Z8","T758",0.724932
"Q9BRJ6","S23",0.809906
"Q9BRJ6","S59",0.720242
"Q9BTV7","T107",-1.45913
"P27708","S1823",-1.07082
"P27708","S1859",-0.872821
"P0DP23;P0DP24;P0DP25","S18",-0.931321
"O43852","Y106",1.30828
"Q8N5S9","S458",0.776276
"Q96RR4","S132",3.30882
"Q96RR4","S133",3.30882
"Q5T5Y3","S575",-1.47127
"P27824","S564",0.567208
"P27824","S564",-2.44407
"Q5VZK9","S1094",-1.04823
"Q5VZK9","S1261",0.346232
"Q5VZK9","S1290",-0.645395
"P49589","S312",1.83711
"Q8WXE0","S695",0.880536
"P49662","S83",1.50549
"Q9UKL3","S567",0.776128
"Q9UKL3","T1282",0.781027
"P22681","S492",-1.89566
"Q13191","S483",0.623665
"Q13191","S484",0.623665
"Q13185","S176",1.09301
"O00257","S434",-0.532476
"Q9HC52","S265",0.608755
"Q6P1N0","S238",0.941856
"Q6P1N0","T339",-1.44187
"Q8N163","S124",0.786999
"Q8N163","S627",1.02105
"Q96MW1","Y135",-0.759577
"Q16204","S328",1.15019
"Q16204","T410",0.61244
"A6NKD9","S179",0.809701
"Q9H6F5","S128",1.08487
"Q9H6F5","S160",10.4788
"Q96F63","S221",0.642697
"Q6ZUT6","S201",0.687764
"Q9BSQ5","S443",0.595417
"Q9UNH5","S586",7.6625
"P30307","S168",3.26591
"P30260","T430",0.738316
"Q9H3Q1","S64",-0.690005
"Q99618","S68",-0.871311
"Q99618","S68",3.03837
"Q99618","T70",0.828973
"Q9H5V8","Y806",0.663801
"Q9HBB8","S754",-0.557296
"Q9UQ88","S65",0.801539
"Q9UQ88","S65",2.74187
"P21127","S285",-1.66876
"Q9NYV4","S291",-0.872655
"Q9NYV4","S291",-0.920854
"Q9NYV4","S293",-0.872655
"Q9NYV4","S293",-0.920854
"Q14004","S400",0.894936
"Q00536","S95",0.576982
"P38936","S130",-1.16032
"Q01850","S311",0.590081
"Q92903","S37",1.29576
"O95674","S35",-6.08167
"O95674","S37",-6.08167
"Q9UKY7","S106",-5.25905
"Q9UKY7","S8",0.453667
"Q03188","S177",0.595452
"P49454","S1654",-0.415755
"Q9HC77","S859",0.842909
"Q5TB80","S474",2.07058
"Q5SW79","S1019",-1.42382
"Q5SW79","S1019",-2.59848
"Q5SW79","S1112",0.569901
"Q5SW79","S838",0.893924
"Q5SW79","T1533",-0.584998
"Q5SW79","T1535",-0.584998
"Q9Y4F5","S1135",0.550939
"Q9Y4F5","S360",-1.10491
"Q9Y4F5","S772",0.559234
"Q5VT06","S1828",0.313447
"Q5VT06","S1830",0.313447
"P23528","S41",0.772983
"Q9P2M7","S1086",-0.526162
"Q9P2M7","S120",-0.523831
"Q13111","S206",1.22221
"Q96JM3","S282",-0.583322
"Q96JM3","S284",-1.00808
"Q96JM3","S297",1.15392
"Q96JM3","S311",0.809044
"Q96JM3","S386",1.01154
"Q96JM3","S459",1.02948
"Q14839","S1531",1.84657
"Q14839","S1535",1.84657
"Q14839","S531",-0.586373
"Q9P2D1","S301",3.52496
"Q9HCK8","S553",-1.21346
"Q96RK0","S1294",-1.13189
"Q96RK0","T1375",-1.80714
"Q96RK0","T1375",-1.91243
"O75122","S330",-1.7067
"Q8N2M8","T93",0.954737
"P49760","S98",0.432603
"P49761","S224",1.19905
"Q96JQ2","S526",0.484869
"Q96JQ2","S635",-1.14811
"Q96JQ2","S644",-1.14811
"Q00610","Y1477",0.580471
"O95628","S301",0.961822
"O75128","S269",0.59929
"O75128","S269",1.06635
"Q53SF7","S917",-0.962788
"P38432","S305",4.17471
"P38432","T122",0.674167
"O14579","S10",0.749432
"Q9Y678","S16",0.740511
"O75976","T1368",-0.661689
"O75976","T1370",-0.661689
"Q10570","S766",0.829827
"Q16630","T407",0.482263
"Q6UUV7","S162",0.523928
"Q6UUV7","S373",-1.40692
"Q8N1P7","S154",1.05562
"Q68DQ2","S931",-0.470774
"Q1MSJ5","S901",1.34587
"Q05D32","S28",-1.30964
"Q05D32","S28",-0.969531
"O43310","S18",-1.62097
"P17812","S574",-2.14105
"Q6PD62","T925",0.754126
"Q14247","Y334",0.738954
"Q14247","Y421",0.977481
"Q9P2B4","S495",1.19695
"Q9P2B4","T490",1.34418
"Q13620","S146",-0.646151
"P39880","S1458",3.19066
"P39880","S1496",0.415859
"Q9HCG8","S61",0.673295
"P78310","S304",-2.12466
"O43169","T25",0.764925
"Q9UJU6","S275",1.16637
"Q8N8Z6","T602",-0.99425
"Q9NPI6","S226",0.608109
"Q9NUL7","S524",1.0846
"Q86XP3","S111",-0.755467
"Q86XP3","Y183",2.09879
"Q8N8A6","S103",1.87911
"Q8NHQ9","S544",0.712218
"P35659","S4",1.14923
"Q5VZ89","S1225",1.30586
"O00273","S315",0.659555
"O00273","Y96",-1.1418
"O60231","S160",0.574625
"Q9Y2L1","S215",1.71681
"O60832","S494",0.322089
"O60832","S494",-1.32203
"O60832","S513",-1.66319
"Q9Y6K1","S105",0.547616
"Q5QJE6","S330",1.14701
"Q9H7D0","S1834",1.29286
"Q9H7D0","T1835",0.641532
"Q96N67","S190",0.612017
"Q96N67","S898",-7.79102
"Q8TEK3","S374",0.653168
"Q14195","S541",0.836683
"Q9BY84","S627",-1.29359
"Q16254","T14",0.885642
"Q96F86","S131",-0.637077
"Q6P2E9","T13",-1.83077
"A8K855","S206",0.548768
"A8K855","S206",-6.52077
"A8K855","S212",1.00398
"P00533","S1166",-0.507984
"Q8NDI1","S964",-0.90286
"Q9H9B1","S1048",3.03587
"P19525","S83",-0.701932
"Q9UI10","T86",-1.23092
"P20042","S105",-0.898443
"O00303","S258",1.77896
"O75822","S13",-2.33776
"P38919","S12",0.71527
"Q9NRA8","S345",0.493337
"Q04637","S314",2.20508
"P55010","S419",0.831019
"O60841","S113",0.389706
"O60841","S113",-3.20653
"P56537","S243",0.744071
"P78545","S58",0.918217
"P41970","S270",2.43905
"Q9HC35","S895",1.8013
"Q9HC35","T897",2.02839
"Q7Z589","S168",-0.84945
"Q7Z589","S176",-0.746972
"Q9H4G0","S544",-2.46832
"P54760","Y596",1.00538
"O95208","S486",1.4275
"O95208","S511",2.08024
"P42566","S790",-0.336005
"P42566","S796",-0.336005
"Q9H6S3","S8",5.80792
"P04626","Y1248",0.898578
"Q96RT1","S1079",0.916593
"Q96RT1","S1158",0.765673
"P50548","S154",-0.685793
"Q56NI9","S244",0.437175
"Q9H6T0","S573",3.58226
"Q9UPT5","Y249",0.430818
"Q9UPT5","Y249",0.924538
"Q06265","S306",0.476442
"Q969W3","Y20",-2.78327
"Q6P1L5","S106",8.61042
"Q6P1L5","S273",0.555126
"Q9Y6X4","S378",-0.915748
"Q9Y6X4","S447",0.681354
"Q5VUB5","S824",-0.831134
"A6ND36","S760",0.855009
"Q6ZRV2","S411",2.1552
"Q6ZRV2","S516",0.708946
"Q6ZRV2","S785",-0.494944
"Q6ZRV2","T1065",-0.645477
"Q9BXW9","S1435",0.755202
"P49327","T976",4.25795
"Q0JRZ9","S391",-1.39466
"Q4L180","T1008",-0.718154
"P21333","S1533",-0.997237
"O75369","S932",2.51595
"O75369","T2485",3.93423
"Q06787","S514",1.44822
"Q8TF40","S948",0.788865
"P55317","S307",0.407481
"Q9P0K8","S172",0.567821
"Q9UPW0","S223",0.488251
"Q01167","S239",0.505702
"Q01167","S9",0.804767
"Q08050","T719",-1.07652
"Q8WU20","Y349",-0.569257
"Q8IY81","S599",-0.661755
"Q9UM11","S138",3.99039
"Q13283","S232",0.552141
"Q86YP4","T121",-1.72492
"Q86YP4","T122",-1.72492
"Q92538","S1318",0.348979
"O75420","S638",0.887127
"P10070","T945",-0.639617
"Q9P107","S234",0.569621
"Q9P107","S234",-0.827163
"Q9P107","S421",-0.651585
"Q9P107","S425",-0.651585
"Q92805","S33",3.00325
"Q92805","S36",3.00325
"Q08378","S18",3.09318
"Q13439","S10",-0.646838
"Q13439","S266",0.353359
"Q13439","S266",-2.5886
"Q13439","S71",-0.895229
"Q8TBA6","S189",1.38156
"Q92917","T216",4.40888
"Q8N6U8","S430",0.689001
"Q8NFJ5","Y320",-2.49507
"P81274","S408",0.537387
"Q14451","S81",-1.0913
"Q4V328","S691",-7.82624
"P34947;P43250","T485",0.896554
"P09211","S43",0.515126
"P32780","S339",0.583006
"P32780","S339",-0.653535
"P78347","S16",0.884222
"P78347","S16",0.617387
"P78347","S17",0.859678
"P78347","S210",1.38393
"P78347","S412",1.26396
"Q12789","S1653",0.93356
"Q12789","S739",0.70798
"Q9BZE4","S558",2.16433
"Q9NYZ3","S326",-0.836109
"Q9NYZ3","S705",0.946199
"Q92522","S2",1.12204
"P16402","S2",1.48148
"P10412","T4",1.07623
"P16401","T4",0.771421
"P62805","S48",1.43141
"Q7Z4H7","S867",-0.419922
"Q7Z4H7","T590",1.00644
"O60381","S402",2.50488
"Q8WUI4","S364",1.20204
"Q8WUI4","S364",-1.04392
"Q7Z4V5","T132",-0.537322
"Q9ULT8","S1567",0.802218
"Q9ULT8","S631",3.90267
"P09429","S42",-1.04545
"P04035","S504",1.24699
"P41235","S436",0.598917
"P41235","Y144",-0.681278
"P22626","Y331",-0.859401
"P51991","S358",0.464704
"Q14103","S82",7.18106
"P52272","S575",1.31513
"Q86VS8","S3",-1.20257
"Q5SSJ5","T77",5.39415
"P07900","S231",-5.14365
"Q58FG0","T312",-1.682
"P08238","Y457",0.692944
"P14625","S306",-0.764655
"P34932","S546",1.17204
"P11142","S637",6.03875
"O43719","S529",0.657376
"P42858","S1880",-0.73989
"P42858","S2939",-0.524535
"Q7Z6Z7","S1907",-0.454742
"Q7Z6Z7","S2917",-0.469284
"Q7Z6Z7","S3919",-1.28223
"Q9Y2F5","S1697",0.63996
"Q659A1","S418",4.28644
"Q9BYX4","Y311",0.38146
"P11717","S2409",0.863271
"Q9H5V7","S200",1.86168
"Q12906","T486",3.81894
"Q9NQS7","S72",1.13757
"Q9C086","S132",0.508176
"Q8NBZ0","Y129",-0.608427
"Q9Y2H2","S830",0.665679
"O15357","S241",0.391553
"Q9NVM9","S626",0.674279
"Q6IPM2","S590",7.57584
"Q6IPM2","S590",-5.22776
"P46940","Y172",0.712717
"Q13576","S16",-0.722569
"Q5JU85","S393",0.799944
"Q9H1B7","S662",-0.968106
"Q13568","S446",0.65737
"P35568","S1142",1.1683
"P35568","S1145",1.10903
"P35568","T453",-6.41705
"P16144","S1454",-2.09239
"P16144","Y1510",-0.830296
"Q14573","S940",-1.40203
"P28290","S1040",-1.38534
"P28290","S1044",-1.38534
"P28290","S1134",-0.797487
"P28290","T1132",-0.797487
"P28290","T1156",-4.66249
"P28290","T1168",6.75721
"Q9NZM3","S210",0.777724
"Q96ST2","S377",0.944974
"Q96ST2","S377",-1.51609
"Q9NQC1","S9",0.982283
"Q9P266","S1130",-0.425269
"Q9P266","S1281",-0.845089
"Q8N9B5","S115",0.707444
"Q15040","S15",0.663719
"Q15040","S15",0.935441
"Q9UK76","S87",0.744108
"Q9H910","S97",1.48179
"O60229","S1799",-0.657103
"O60229","S1804",-1.00739
"Q7Z3B3","S249",0.669379
"Q7Z3B3","S991",3.20524
"O95251","S50",0.75304
"O00180","S300",-0.546037
"O00180","S302",-0.560566
"Q9Y597","S612",-9.28147
"Q9Y597","T608",-9.28277
"O60341","S849",0.931559
"Q8NB78","S13",-1.10908
"Q9Y2K7","S28",0.889032
"Q9Y2K7","S558",-0.954093
"Q9Y2K7","T550",-0.954093
"Q7LBC6","S798",0.991914
"Q07666","S18",1.3023
"Q6ICG6","S267",0.366618
"Q6ICG6","T290",-0.983284
"Q2LD37","T2605",2.07582
"Q9P206","T162",2.50392
"Q9BY89","S1800",0.575901
"Q9BY89","S284",1.60396
"O60333","T1452",4.19556
"Q96Q89","T1582",0.7524
"Q7Z4S6","S853",-0.70488
"Q02241","S714",-0.844299
"Q2KJY2","S1132",0.635387
"Q2KJY2","S1132",-1.20087
"Q2KJY2","T1126",-1.20087
"Q9NSK0","Y593",0.85512
"Q9BXK1","S242",-2.0251
"Q9P2J3","T593",-1.61446
"Q9UMN6","T2083",4.78642
"Q8NEZ4","S4263",0.675188
"Q8NEZ4","S4267",0.675188
"O14686","S1722",0.726389
"Q8IZD2","S1359",-2.0086
"Q8N9T8","S136",1.08389
"Q04695","S32",1.3139
"Q04695","S323",0.502995
"P05783","S23",1.1003
"Q5XKE5","T347",0.746051
"Q5XKE5","T347",0.807157
"P05787","S247",1.15778
"P05787","S330",1.08725
"P05787","S34",0.955689
"P05787","Y282",0.711621
"P05787","Y437",-1.60173
"Q6KB66","S396",1.17791
"Q86UP2","S75",-1.63834
"Q9UN81","S27",0.76898
"Q969R5","S689",0.576037
"Q969R5","S689",0.884483
"O00515","S298",0.54476
"O00515","S356",-0.42753
"O00515","T305",1.26372
"Q71RC2","S722",-1.36222
"Q8WVC0","S197",-0.589714
"Q8WVC0","S197",-1.11029
"Q8WVC0","S205",-0.589714
"Q8WVC0","S205",-1.11029
"Q8WVC0","S294",-1.50303
"Q8WVC0","S300",1.29673
"Q8WVC0","T188",-0.589714
"Q8WVC0","T188",-1.11029
"Q8WVC0","T302",1.61308
"P18858","S141",0.714777
"P18858","S76",0.652143
"Q9UHB6","S362",-0.849317
"Q9UHB6","S604",-0.755563
"Q96GY3","S137",-0.595869
"Q96GY3","S138",-0.558323
"Q9BU23","S686",-2.08768
"Q9BU23","T690",-2.08768
"P02545","S22",0.841259
"P02545","S458",0.563842
"P02545","S628",0.844749
"P02545","S652",1.52458
"Q03252","S424",2.29315
"Q8WWI1","S1423",0.882807
"Q8WWI1","S1593",1.46476
"Q93052","Y317",-0.410596
"P50851","S1118",0.508449
"P50851","S1488",0.58922
"P50851","T1012",3.82227
"P30533","S242",-1.10483
"Q8IWT6","S199",-0.586471
"Q9Y608","S323",0.85602
"Q9Y608","S328",0.686732
"Q9UFC0","S212",1.1582
"Q86X29","T336",-0.789658
"Q86X29","T453",0.620602
"O95232","S425",-2.59874
"Q9BRK4","S346",0.638363
"Q6ZN28","S515",0.796754
"Q9UPN3","T7273",-1.68414
"Q9UPN3","T7275",-1.68414
"Q92585","S45",-2.25437
"P46821","S1387",-4.70552
"P46821","T1788",0.876417
"P11137","T1605",0.585744
"P45985","S90",0.865975
"Q13233","S1018",5.02365
"Q13233","S281",1.60259
"Q16584","S507",2.23639
"Q9Y2U5","T339",4.12923
"Q9NYL2","S262",1.39818
"Q5TCX8","S528",4.56078
"Q99759","S355",0.981981
"P27816","S928",-1.7104
"Q14244","S335",0.62967
"Q3KQU3","S70",1.05831
"Q3KQU3","S834",1.16473
"Q3KQU3","S86",0.688668
"Q3KQU3","S86",0.902217
"Q3KQU3","T489",0.762408
"Q8NDC0","S6",0.877947
"Q13164","T219",-0.698293
"P45983;P53779","Y185",0.660223
"Q9UPT6","S585",0.593618
"P45984","T183",4.08211
"P45984","Y185",4.08211
"Q8IW41","T211",0.796786
"P29966","S145",0.720381
"P27448","S601",3.05925
"Q8N4S9","S161",0.850046
"Q6P0Q8","S230",-1.00425
"O60307","S348",0.372709
"O15021","S1300",-0.659034
"O15021","S1523",-1.11098
"Q7Z434","S249",3.97656
"Q9UIS9","S311",0.479201
"O95243","S316",6.05487
"P49736","S40",-1.39466
"P49736","T39",1.05004
"O60318","S430",0.449147
"Q14566","S762",0.796912
"Q9NXL9","S915",-0.539367
"C9JLW8","Y41",0.990946
"Q96EZ8","S20",5.55038
"Q96EZ8","S282",0.581369
"Q15648","S1021",-0.611562
"Q93074","S1258",-0.621653
"Q9UHV7","S530",-0.341279
"Q9UHV7","S537",-0.341279
"Q14814","S121",-1.34154
"O14770","S198",0.335166
"O00255","S548",1.06631
"Q86W50","T335",1.93484
"P55081","S116",0.815551
"P55081","S116",-1.3026
"O60291","S523",4.14302
"O60291","S523",-0.535173
"O60291","S524",-0.535173
"Q5JRA6","S1744",-1.40007
"Q5JRA6","S1906",-0.40334
"Q96AX9","S251",0.821777
"Q7RTP6","S1371",0.641338
"Q7RTP6","T1188",0.73879
"Q8N3F8","S470",1.60229
"Q8IY33","T723",-0.971384
"Q8IY33","T723",-0.944452
"Q9NXC5","S766",0.513784
"Q6P0N0","S1004",0.841204
"Q8IVT2","S284",-0.863171
"Q8IVT2","S400",0.871781
"O75030","S414",1.22689
"P46013","S1983",-0.584032
"P46013","S2105",0.806801
"P46013","S2466",0.735386
"P46013","S308",0.511499
"P46013","T1327",2.89821
"P46013","T1991",-0.584032
"P55198","S382",0.489914
"Q9BV36","S510",0.934239
"Q86VX9","S195",0.707866
"Q86VX9","T196",0.707866
"Q86VX9","T199",0.707866
"Q9Y6X9","S743",1.50774
"Q6WCQ1","S234",2.92024
"Q6WCQ1","S235",2.92007
"Q6WCQ1","T542",0.955571
"Q6WCQ1","T889",0.579818
"Q9ULH7","T545",5.33681
"O94776","S433",0.974665
"Q13613","S39",4.64842
"Q9NXD2","S769",1.85642
"Q9ULD2","S1224",1.76206
"Q8N307","S671",1.39515
"Q8N307","T676",1.39515
"Q9BQG0","S1310",-1.98309
"P35579","S1677",-0.92133
"P35579","T893",1.84098
"P60660","S135",-1.74223
"Q9HD67","T1158",0.840077
"Q92614","S2007",0.833385
"Q13459","T1353",0.498754
"Q9NZM1","Y935",-0.793646
"Q5VVJ2","S340",0.71238
"O75113","S226",0.626368
"Q86UW6","T1210",3.36663
"Q99733","T58",1.31216
"Q99733","T58",-2.07542
"P49321","S344",0.647838
"Q14596","S590",-0.867181
"Q14596","S590",-0.932499
"Q14596","T586",-0.867181
"Q14596","T586",-0.932499
"Q09161","T27",-0.804381
"Q9Y6Q9","S569",0.752809
"Q9HCD5","S377",1.56637
"Q9HCD5","S381",1.56637
"O75376","S2102",1.31593
"O75376","S999",0.500272
"Q9BTX1","S471",-0.531675
"Q9BTX1","S474",-0.531675
"Q92597","S330",-0.561377
"Q9H3P2","T235",0.955944
"Q9H3P2","T277",-1.49474
"P48681","S746",-2.16965
"P48681","S965",-0.93189
"Q8NCF5","S84",0.870033
"Q8NCF5","T257",1.32949
"Q8NCF5","T257",-6.29821
"Q14938","S280",2.14792
"Q6P4R8","T498",2.21031
"P23511","S326",0.544833
"P23511","S326",0.925555
"Q6T4R5","S739",1.49784
"Q5SYE7","Y579",-0.943569
"Q9BYG3","S230",-0.627473
"Q9BYG3","T234",-0.627473
"Q9BYG3","T238",-0.627473
"Q9ULX3","S201",0.409779
"Q14978","T607",-1.12529
"Q14978","T610",-1.12529
"Q5C9Z4","S57",4.10692
"P46087","S734",0.862189
"Q9NZM5","S29",0.790425
"Q9Y2X3","S514",0.417366
"P06748","S243",0.749584
"P06748","T95",-0.507682
"P06748","T95",-0.759607
"P49116","S12",0.526937
"Q16656","S136",0.790622
"Q96L73","S224",1.09267
"O96028","S421",0.494795
"Q9H1E3","S214",0.618942
"Q9Y266","S139",-0.697724
"Q9BW91","S121",0.525945
"Q14980","S1721",-1.1441
"P57740","S37",0.542715
"P49790","S633",3.08787
"P49790","T102",0.643445
"Q8NFH5","S261",-0.567589
"Q9UKX7","S204",-1.33212
"Q9BVL2","T331",-0.493792
"P52948","S888",0.750513
"P52948","S888",1.40048
"Q16625","S2",-1.13346
"Q16625","S3",-1.13346
"Q16625","S358",-0.491285
"Q16625","T305",5.26925
"Q16625","Y287",0.691989
"Q96CV9","S177",0.474381
"P22059","S193",0.437692
"P22059","S193",-0.928596
"Q9BXW6","S499",-0.542962
"Q9H4L5","S437",0.566609
"Q9BZF1","T39",-0.813817
"Q96FW1","S16",-1.50102
"Q6GQQ9","S105",0.758799
"Q9UKS6","S354",0.57491
"Q13177","T178",0.91656
"Q13177","T83",0.804126
"Q9NVE7","T406",0.653156
"Q8TEW0","S692",-0.441763
"Q8TEW0","S692",-7.45126
"Q8TEW8","S141",5.6768
"Q86W56","S137",-1.40351
"Q86W56","T139",-1.16328
"Q8NI35","S645",0.381111
"Q8NI35","S645",-0.846414
"Q9BUH6","S152",-0.446855
"Q86U86","S39",-0.805936
"Q15366","S187",5.12712
"O94913","S1543",0.673159
"Q9BSM1","S3",0.789598
"O95613","S2327",1.35636
"Q53EL6","S457",2.81326
"Q8WUM4","T738",4.12685
"Q8WUM4","T741",-0.749591
"P08559","S293",1.56076
"P08559","S295",-1.37363
"P08559","S300",1.56444
"Q15084","S428",-1.0276
"Q96HC4","S137",1.16608
"Q96HC4","S309",-0.672422
"Q96HC4","S313",-0.672422
"Q9NR12","S220",7.41863
"Q9NTI5","S1182",0.999816
"Q9NTI5","S1334",-2.62469
"Q6P996","S779",3.81849
"Q8NEN9","S496",-0.487464
"Q9H792","S861",0.444101
"Q9H792","S898",2.78348
"O15534","S704",-0.786605
"O15173","T211",0.953982
"O15173","Y169",-0.654113
"O75167","T276",0.550486
"Q8IZ21","T349",-1.21241
"Q8IXK0","S751",-0.760805
"Q8IXK0","T619",0.573283
"Q8NDX5","T609",0.522767
"Q8NDX5","T614",-0.846281
"O94880","S290",0.614525
"O75151","S899",0.860703
"O75151","S905",3.88252
"O75151","S905",0.827572
"O75151","Y904",0.713694
"Q8IWS0","S155",0.519963
"Q8WWQ0","S1315",-0.8516
"Q8WWQ0","S1315",0.835537
"Q8WWQ0","S1783",0.679849
"Q93100","S701",0.731545
"Q86SQ0","S242",-2.68305
"Q9P1Y6","S936",0.312348
"Q92508","S1391",-0.450765
"Q92508","S1396",1.17181
"Q86T03","S162",-1.73793
"Q9UKF7","T282",4.08511
"Q16512","S562",0.319687
"Q99959","T334",0.863514
"Q99959","T63",-0.931038
"Q9Y446","T86",0.567124
"Q9Y446","T86",-1.15458
"Q15149","S1554",0.602929
"Q15149","S1732",0.84131
"Q9HB20","S244",-0.673419
"Q9HAU0","Y134",-0.395218
"Q9Y2H5","S251",0.788884
"Q9Y2H5","S842",1.06917
"A1L390","S1028",-1.51182
"A1L390","S576",-1.85808
"A1L390","S577",-1.85808
"Q6ZWE6","T155",4.42275
"O60664","S130",1.14257
"O43688","S266",1.31427
"Q9H307","S381",2.28897
"Q9H307","S381",1.60832
"O00592","S537",0.839456
"Q9NP87","S12",1.01356
"O15446","S128",1.19944
"O15446","S488",0.44696
"A8CG34","S322",-1.17866
"A8CG34","S323",-1.17866
"A8CG34","S325",-1.17866
"A8CG34","S370",-0.582825
"P16435","S63",2.58965
"Q13136","S691",7.22796
"Q86W92","T428",-0.824565
"Q8ND30","S329",-0.710891
"O60927","T106",0.713203
"Q9BZL4","T489",0.544439
"Q9BZL4","T560",2.30778
"Q8WUF5","S187",0.540871
"Q6NYC8","S195",-1.66311
"Q6NYC8","S195",-0.670427
"Q6NYC8","S224",0.610595
"Q6NYC8","T199",-1.66311
"Q6NYC8","T199",-0.670427
"P41236","S122",5.33537
"Q15435","S24",1.42235
"Q15435","S24",1.84638
"Q15435","S27",1.42291
"Q15435","S27",1.85537
"Q6IN85","S771",1.30087
"Q5H9R7","S524",0.62281
"Q86YV5","S712",0.752338
"Q86YV5","S879",0.649076
"Q92733","S267",1.08148
"Q13029","T423",-0.862676
"Q13131","T526",1.96331
"Q9Y478","S40",-0.645029
"O43741","S184",0.488201
"Q05655","S302",-0.513807
"O94806","S213",0.584231
"O94806","T535",-2.15413
"Q5VTL8","S527",-2.42258
"Q96HE9","S352",-0.652686
"Q5THK1","S334",-1.10399
"Q5THK1","S582",-0.909803
"Q5THK1","T333",-1.10399
"P48634","S1106",0.623001
"P48634","S759",-0.958174
"P48634","S759",-3.54937
"P48634","S761",-0.745554
"P48634","S761",-0.615987
"P48634","T1087",-0.806891
"P48634","Y1094",1.23394
"Q5JSZ5","S388",0.828901
"P49768","S366",0.507895
"P49810","T27",0.631088
"P61289","T73",-0.741312
"Q8WXF1","S477",1.27071
"Q05397","S843",6.63978
"Q13882","Y342",-0.867402
"Q15678","S625",0.749429
"Q15678","S809",0.513618
"Q16825","Y491",-0.973856
"Q8TB72","S82",1.56488
"Q00577","S256",-0.504995
"Q00577","S256",1.40541
"Q96N64","S116",-1.26934
"Q96N64","S119",-1.26934
"Q9Y3T6","S236",0.629812
"Q15032","S282",0.626127
"Q15032","T109",0.738356
"Q9Y2K5","S855",0.973408
"P61026","S181",-0.441844
"Q86YS3","S527",4.92967
"Q96QF0","S266",0.775611
"Q3YEC7","S464",1.22049
"Q3YEC7","T468",1.223
"Q9H0H5","S203",-0.669737
"Q9H0H5","S203",0.837702
"P54725","S125",9.80732
"Q99638","T355",-7.23044
"Q7Z5J4","S1374",0.94588
"Q9P0K7","S293",0.994145
"Q6GYQ0","T1007",-0.447007
"Q86X10","S1453",1.29667
"Q86X10","S496",-1.07973
"Q86X10","T493",-1.07973
"Q86X10","T733",1.36238
"Q86X10","T734",1.68673
"Q86X27","S308",0.849569
"A0A3B3IU46;Q9BTL3","S45",0.983253
"P49792","Y2003",0.543426
"Q9H6Z4","S126",-0.711164
"Q9H6Z4","S126",0.850755
"Q684P5","S613",0.541443
"Q70E73","T1153",-6.04086
"Q9UJF2","S946",0.450939
"Q8WWW0","T188",-0.670979
"P06400","S780",0.934111
"Q7Z6E9","S1282",-0.715121
"Q7Z6E9","T1274",-1.84549
"Q99708","S10",-0.74097
"P98175","S736",1.79834
"P98175","S845",-0.509967
"Q5T8P6","S616",0.664432
"P52756","S59",0.461479
"P52756","S624",0.463569
"P52756","Y620",-1.0697
"P52756","Y76",-1.47664
"Q9Y580","S204",0.981364
"P38159","Y320",-4.20292
"Q9Y388","S188",0.749694
"Q96E39","S168",-0.772936
"Q96E39","S173",-0.772936
"Q5TC82","S535",0.684071
"Q96D71","S709",-0.607403
"Q96D71","S709",-0.969015
"Q96D71","Y126",0.90897
"Q9HCM1","S868",0.916124
"P35251","S1104",-1.25152
"P35251","S372",1.83929
"Q2KHR2","S321",1.96364
"Q3MIN7","S508",0.744096
"P0DJD1","S21",1.73361
"Q8IUC4","T645",-1.16065
"Q5UIP0","S1422",-0.900695
"Q5UIP0","S1552",-0.749012
"Q5UIP0","S1848",-1.65612
"O43353","S332",-0.755471
"Q9NVW2","S228",-0.560245
"Q9NVW2","S230",-0.560245
"Q96TC7","S46",0.795333
"Q8IYW5","S70",-1.41985
"Q5VTR2","S136",0.706805
"O76064","S157",0.990136
"P13489","S2",-1.12655
"P62913","S51",3.34132
"Q5VT52","S593",0.399089
"Q5VT52","S796",0.799941
"Q5VT52","S796",0.903784
"P62753","S6",0.928855
"Q15418","S380",-1.19969
"Q96S38","S281",0.789849
"Q8IZ73","S68",0.95243
"Q8IZ73","S68",1.22468
"P10301","S204",1.62268
"P62070","S186",-0.743427
"P62070","T190",-0.743427
"Q92766","S1167",-0.566256
"Q92766","S1167",0.52911
"P31350","S377",-2.72222
"P31350","S377",-1.39575
"Q7LG56","S18",3.07614
"Q14684","S453",2.96823
"Q96T23","T628",-2.02937
"O76021","S427",-5.20012
"Q9NZ71","S189",1.7632
"Q9NZ71","S847",3.4142
"Q92541","S697",0.787817
"Q9NQC3","S11",-0.640044
"Q9NQC3","S184",-0.765357
"Q01196","S276",-0.421442
"Q01196","Y254",-0.421442
"Q15424","S234",0.94642
"Q6SPF0","S427",-0.83438
"Q6SPF0","S427",-0.778201
"Q6SPF0","S427",-0.964992
"Q9UPU9","S447",-0.558237
"Q9H0E3","S300",1.50978
"O75446","S131",-0.806774
"O75446","S138",-0.752135
"Q9HAJ7","S99",-1.10797
"Q9HAJ7","T104",0.790534
"Q9HAJ7","T104",-1.10797
"Q9BW04","S312",1.07601
"O43290","S474",-6.08079
"O43290","S486",-6.09098
"O43290","T430",0.649888
"O94885","S813",0.91954
"A3KN83","S693",1.73304
"Q9H7N4","S453",0.506608
"Q9H7N4","S965",0.430023
"O15127","T109",-10.7307
"P57086","T11",5.14422
"O95171","S91",0.752603
"Q14160","S1561",4.31407
"Q14160","S37",-0.544214
"Q9NVU7","S585",1.00738
"Q99442","S356",-0.534393
"Q99442","T332",-1.14966
"Q9GZR1","S362",2.1488
"Q9GZR1","S919",0.614016
"Q92599","S20",0.532301
"P30740","S299",1.11701
"Q01105","S7",0.611182
"Q01105","S7",1.80861
"Q9BYW2","T626",1.7635
"Q15459","S329",0.695372
"O75533","T267",-0.769925
"O75533","T273",-0.769925
"Q13435","T311",0.390127
"Q9P0V3","S42",-1.27115
"A1X283","S304",0.614303
"Q8TEC5","S649",0.900104
"Q2M3G4","T321",-1.21256
"Q8TF72","S213",0.843369
"Q8TF72","S664",0.969415
"A0MZ66","S619",0.892512
"Q9Y2K2","Y228",2.05545
"Q96ST3","S10",0.85125
"O60292","S172",0.581672
"O60292","T1703",0.695647
"P55011","S940",0.72262
"Q9UP95","S967",0.645535
"Q9UHW9","S32",-1.44164
"Q9Y666","S50",-1.28151
"P53985","S467",-0.309874
"Q15758","S503",1.07147
"Q8WUM9","S265",-1.42346
"P11166","S490",0.902128
"Q9H2H9","S25",-1.35427
"Q9H2H9","S28",-1.35427
"Q8IWA5","T14",-0.894845
"Q9BWU0","S712",-0.735085
"P04920","S113",-1.53131
"P04920","S443",-1.8185
"O00193","S15",3.24332
"O60264","S66",0.333818
"Q9H4L7","S152",0.685964
"Q9NZC9","S151",1.94802
"Q92922","S310",3.14027
"Q92922","T17",1.03687
"Q92922","T17",-1.25404
"Q92925","S203",0.849396
"Q9NTJ3","S28",0.518656
"Q9UPR3","S536",0.660242
"Q9H0W8","S2",0.443444
"O00161","S110",0.44262
"P08621","S320",-1.47345
"P09661","S197",0.815194
"Q13425","S393",0.407155
"Q8TEQ0","S810",-0.498093
"O75159","S56",0.423781
"O75159","S57",0.423781
"P18583","S1782",-0.791875
"P18583","S1783",-0.791875
"Q9UN79","S312",1.60227
"Q02446","S136",-0.964941
"Q02446","T574",-0.581246
"O60271","T276",5.80316
"Q5M775","S340",3.17635
"Q5M775","S364",-0.839046
"Q69YQ0","S887",0.986952
"Q69YQ0","S887",-1.17495
"Q96T58","S1983",2.69581
"Q96T58","S1983",0.696864
"Q9NRA0","S387",0.492333
"Q01082","T2335",-5.64478
"O15020","S2171",0.493613
"Q13501","S328",-3.0039
"Q13501","S332",-3.00421
"Q6ZRS2","S1862",0.695537
"Q6ZRS2","S2787",-1.16585
"Q6ZRS2","S2790",-1.08569
"Q9C0H9","S45",1.98427
"O75044","S424",3.78637
"Q8IYB3","S429",1.70221
"Q8IYB3","S431",1.70221
"Q9UQ35","S1550",0.59541
"Q9UQ35","S1925",3.13089
"Q9UQ35","S404",-4.56461
"Q9UQ35","S408",-4.56754
"Q9UQ35","S778",-1.38204
"Q9UQ35","S780",-1.38204
"Q9UQ35","S901",-2.87868
"Q9UQ35","S908",-2.87868
"Q9UQ35","T1927",3.13089
"Q9UQ35","T326",9.85667
"Q9UQ35","T903",-2.87868
"Q07955","S199",1.06376
"Q07955","S199",-0.879586
"Q13242","Y214",0.87546
"Q8N3U4","S1061",1.08703
"P40763","S727",-0.580965
"P40763","S727",-0.904415
"P40763","T721",-0.904415
"P51692","S193",-1.08097
"O95793","S176",0.363977
"Q9NUL3","S455",-1.00747
"O95210","S148",-0.504898
"Q658P3","S11",-0.624455
"Q9P246","S523",0.637688
"Q9P246","S609",-2.04634
"Q9P246","S613",-2.04634
"Q8N1F8","S761",-0.879247
"Q8N1F8","S761",-0.911949
"P16949","S28",1.70727
"Q9ULQ0","S354",-0.526553
"O15400","S129",1.47086
"O94901","S138",0.710355
"Q9UH99","Y11",-0.957583
"O00267","T166",-3.70078
"O00267","T799",-0.487687
"Q15022","S546",0.667026
"O95425","S1225",0.700337
"O95425","S270",1.16464
"P43405","Y28",0.917927
"Q92797","S1175",0.603956
"Q92797","S501",-0.548391
"P57105","S21",-0.759954
"P57105","T31",-0.854309
"Q9UMZ2","S809",4.31971
"Q9HCH5","S344",1.52104
"Q9Y6A5","S71",1.37154
"O75528","S275",0.964149
"Q92804","S289",0.812836
"Q15545","S264",0.656813
"Q9UK61","S694",-3.07522
"Q9UK61","S699",3.34119
"Q9UK61","Y974",-4.75242
"Q9UK61","Y974",-1.79113
"O14907","S32",-1.67241
"Q9BYX2","S920",0.920905
"O60343","S757",7.53381
"O60343","S757",0.703587
"Q92609","S539",4.79687
"Q92609","S730",4.4194
"Q66K14","S1238",-0.77473
"Q66K14","S416",0.646996
"Q3YBR2","S10",0.676941
"Q99081","S540",-0.701127
"Q99081","S67",0.910589
"Q9UGU0","S1322",1.38163
"Q9UGU0","S249",-0.489285
"Q9UGU0","S583",-1.39259
"Q13428","S111",-0.772996
"Q13428","S967",2.62635
"P17987","S551",0.410695
"Q8NHU6","S862",4.14751
"Q8NDF8","S484",2.67
"Q9NYB0","S203",0.932761
"Q9UBB9","S59",0.547715
"Q96RS0","S405",1.4116
"Q96RS0","S412",1.4116
"Q96RS0","S85",-2.63722
"Q96RS0","S89",0.478764
"Q96RS0","S89",-2.63722
"Q96RS0","T407",1.4116
"Q8NI27","S1514",-1.4564
"Q8NI27","S1516",-1.4564
"Q13769","T328",-0.938389
"Q13769","T328",1.36229
"Q9Y2W1","S253",0.911246
"Q9Y2W1","S624",3.41081
"Q9Y2W1","S939",1.15813
"Q9Y2W1","Y293",-0.841504
"Q7Z2Z1","S1001",-0.480795
"Q7Z2Z1","S1334",0.949447
"Q7Z2Z1","S1750",0.553257
"Q7Z2Z1","S820",-1.21844
"Q7Z2Z1","T1410",3.3533
"Q9NQ88","S157",4.71196
"Q07157","S1051",1.14587
"Q07157","S1111",1.07331
"Q07157","S1617",0.575695
"Q07157","S297",0.691697
"Q07157","S297",0.577285
"Q07157","S622",0.77733
"Q07157","T267",-0.686864
"Q07157","T267",-1.26442
"Q9UDY2","S1159",0.616289
"Q9UDY2","S168",1.32785
"Q9UDY2","S266",0.964274
"Q9UDY2","S292",2.76193
"Q9UDY2","S294",2.76193
"Q9UDY2","S296",2.72725
"Q9UDY2","S398",-6.41546
"Q9UDY2","S400",-6.36303
"Q9UDY2","S461",5.51374
"Q9UDY2","S913",0.673321
"Q9UDY2","Y1118",0.62655
"Q04726","S245",-1.31907
"Q6PL24","S71",-0.527253
"Q92545","S1341",3.6094
"Q2T9K0","T336",-2.62602
"Q12767","T450",0.829011
"P82094","S344",0.371871
"P82094","S344",-0.830307
"O00220","S466",1.45151
"Q9HBL0","T854",-1.62232
"Q8IZW8","S248",4.76951
"Q9Y4F4","S850",0.753317
"O60784","S160",1.35515
"O60784","S359",0.835777
"O60784","S461",-1.05229
"O60784","S464",-6.44338
"Q02880","S1449",-0.749745
"Q02880","S1581",0.541167
"Q8NFQ8","S118",0.963102
"Q8NFQ8","S118",-3.12504
"O94842","S181",5.99634
"Q12888","S1462",-0.734923
"Q12888","S500",0.645095
"P12270","T1850",0.670792
"P12270","T2137",0.653046
"P12270","T641",2.92114
"P12270","T650",-0.374309
"Q4KMQ1","S417",-1.35842
"P62995","S14",-1.35454
"O60296","S889",-0.642772
"Q8WVT3","S75",-1.33672
"Q8WVT3","S78",-1.33672
"Q96Q05","S953",0.661022
"Q13263","S14",-1.95487
"Q13263","S473",0.628171
"Q13263","S683",1.12298
"O75962","S2477",0.782696
"Q7Z2T5","S612",1.17859
"P49815","S1346",-0.787941
"P49815","S1420",-0.721822
"Q9Y5U2","S93",1.09905
"Q9Y5U2","S93",-1.09461
"P68363","Y272",2.70742
"O43396","T117",-1.30523
"P29597","Y292",1.04761
"P19971","S19",0.614987
"O15042","S73",0.317923
"P22314","S824",-0.810252
"Q14157","S475",-0.613199
"Q9C0C9","T848",0.801218
"Q9C0C9","T848",1.01033
"O95155","S105",0.49659
"Q6ZU65","S250",-3.30481
"Q14CS0","S231",-1.01887
"Q14CS0","T232",-1.11837
"Q16851","S13",0.800512
"Q16851","S13",0.68208
"Q16851","S9",0.68208
"P13051","T31",-1.19869
"O94763","S378",-0.702363
"P51784","S948",-0.677629
"P51784","S952",-0.616651
"Q9UK80","S93",0.996833
"Q9UPU5","S2073",0.523108
"Q70CQ2","S3411",-1.18283
"Q70CQ2","S3411",-1.32657
"Q53GS9","S82",0.616074
"Q53GS9","S82",-2.07516
"Q70EL1","S603",-1.06917
"Q5W0Q7","T196",-0.704207
"P46939","S3301",-0.839073
"Q8TAA9","S339",0.876416
"Q99536","S18",0.417567
"P18206","T442",2.05295
"Q14119","S518",-0.705058
"Q9H9C1","S93",0.745212
"Q96JG6","S15",-0.497497
"Q96JG6","S496",-1.07687
"Q7Z5K2","S77",0.681985
"Q641Q2","S802",3.25719
"Q9Y4E1","S1093",0.545132
"Q8IZQ1","T990",1.95755
"O75717","S383",0.971988
"Q8TBZ3","S357",-0.987818
"Q8TBZ3","S360",-0.987818
"Q9UNX4","S923",-1.07815
"O43379","S1144",3.75994
"Q8N5D0","S511",-0.702439
"Q8TF30","S8",0.73824
"O95785","T1153",-2.57048
"Q9H4A3","S1978",-5.12259
"Q9BUR4","S491",0.75147
"Q15007","S306",-0.875134
"Q6AWC2","S269",0.626987
"Q9HCS7","S851",-1.40542
"Q13426","S328",-1.95013
"Q9H0D6","S473",0.495993
"P46937","S367",0.995858
"P67809","S167",-1.43226
"P67809","S167",2.5797
"P67809","S167",-2.44842
"P67809","S174",-2.73215
"P67809","S176",0.834976
"P67809","S176",-2.73215
"P67809","S314",-2.30058
"P16989","S369",-1.0435
"P16989","S370",-1.0435
"Q9ULM3","S465",1.62627
"Q96EC8","S7",0.492977
"P49750","S1438",0.980631
"Q9H6S0","S1090",0.739522
"P63104","S207",0.810806
"P25490","S118",0.668013
"Q9ULJ3","S422",1.4343
"Q8NAP3","S128",1.23415
"Q15916","S202",-0.591568
"Q5T200","S1409",-0.701439
"Q5T200","S64",2.34965
"Q5T200","S986",0.366854
"Q9UPT8","S1110",-0.943968
"Q9UPT8","S1114",-0.792606
"Q6NZY4","S597",0.636932
"Q6NZY4","T492",1.44322
"Q6NZY4","T654",0.881481
"Q9C0B5","S409",0.897079
"Q15911","S3409",0.754029
"P47974","S276",0.676149
"P47974","S440",1.76456
"P47974","S487",2.18304
"Q8IX07","S901",2.41942
"Q96K21","S144",0.743495
"Q68DK2","S1742",2.30889
"O95405","S668",0.577412
"Q9ULU4","S460",-1.34557
"Q9H2Y7","S859",0.882007
"Q9H2Y7","T1378",1.09644
"Q6N043","S104",0.991585
"Q9Y2X9","S807",1.33206
"Q9HCX3","S127",1.83517
"Q5BKZ1","S48",1.77948
"Q5BKZ1","S48",0.654617
"Q8N8E2","S96",-0.768607
"Q5EBL2","S340",0.854829
"O15015","S930",0.519033
"P17098","S223",0.753621
"Q15649","S88",-0.700808
"Q8NHG8","T34",0.617713
"O95218","S188",0.555407
"O95218","S188",-2.37895
"O43149","S1518",-0.853302
"Q8IYH5","S777",4.41247
