"gene_name","Condition","Drug","Time","logFC","adj.P.Val"
"AACSP1","PI5Z_4h","PI5Z","4h",1.36651053960837,0.0097216470608458
"AARS1","PI5Z_24h","PI5Z","24h",-1.10007996597601,1.08003860953559e-05
"ABCA13","PI5Z_24h","PI5Z","24h",1.17279525820301,0.000431307229437065
"ABCA2","PI5Z_24h","PI5Z","24h",1.1951817287917,6.57552256051165e-12
"ABCA5","PI5Z_8h","PI5Z","8h",1.04074445788256,8.78553548505621e-07
"ABCE1","PI5Z_8h","PI5Z","8h",-1.32333961550004,2.37467382189769e-17
"ABCF2-H2BE1","PI5Z_8h","PI5Z","8h",-1.12124226410629,9.47181196263404e-13
"ABHD1","PI5Z_8h","PI5Z","8h",1.15536794355096,0.0262173537067408
"ABHD11","PI5Z_24h","PI5Z","24h",1.00753262685188,1.18514317141596e-14
"ABO","PI5Z_8h","PI5Z","8h",1.14089252746544,1.15837076003822e-13
"ACACB","PI5Z_4h","PI5Z","4h",1.16530768044843,1.469627536823e-10
"ACACB","PI5Z_8h","PI5Z","8h",1.12719297400969,4.71185775786214e-11
"ACBD4","PI5Z_4h","PI5Z","4h",1.04930722150968,1.5302193114447e-07
"ACCS","PI5Z_8h","PI5Z","8h",1.03376474024255,2.92150648113248e-08
"ACP3","PI5Z_4h","PI5Z","4h",1.01686534812172,0.000254236027172248
"ACP3","PI5Z_8h","PI5Z","8h",1.28203954834987,2.36690562529814e-07
"ACSS2","PI5Z_24h","PI5Z","24h",1.10585960130923,4.29125073495102e-08
"ACTA2","PI5Z_8h","PI5Z","8h",1.25776441761906,1.74372748503375e-08
"ACTB","PI5Z_8h","PI5Z","8h",-1.07381102208232,4.06667360325923e-13
"ADAMTSL2","PI5Z_24h","PI5Z","24h",-1.30436429123655,8.90321653142836e-05
"ADAT2","PI5Z_8h","PI5Z","8h",-1.17042069005303,9.0642999954291e-09
"ADCY10P1","PI5Z_8h","PI5Z","8h",1.46170282112584,1.24940191100816e-06
"ADGRB1","PI5Z_8h","PI5Z","8h",1.72758811337799,0.00131564847922083
"ADGRL1-AS1","PI5Z_8h","PI5Z","8h",1.059405389804,0.000358674123207121
"ADORA2A","PI5Z_8h","PI5Z","8h",2.29688987367552,0.0422631205175452
"ADPRM","PI5Z_24h","PI5Z","24h",-1.02817925617234,1.41716447360492e-05
"AGAP10P","PI5Z_4h","PI5Z","4h",2.53480847753232,0.0424607505603284
"AGR2","PI5Z_24h","PI5Z","24h",-1.07173459706802,0.00520483544168655
"AIMP2","PI5Z_8h","PI5Z","8h",-1.02607114099163,2.72136880703576e-13
"AK9","PI5Z_8h","PI5Z","8h",1.05100211992267,1.73337501481116e-09
"AKAP6","PI5Z_8h","PI5Z","8h",1.24511973568509,1.73226375575126e-05
"ALDH3A1","PI5Z_4h","PI5Z","4h",1.43410038544669,4.32912124231821e-07
"ALDH3A1","PI5Z_8h","PI5Z","8h",2.04459140574807,3.26943818315857e-12
"ALKBH8","PI5Z_8h","PI5Z","8h",-1.12393722574326,8.05195808177144e-15
"ALOX5AP","PI5Z_8h","PI5Z","8h",-1.39773506774682,0.0210370980068766
"ALPK1","PI5Z_8h","PI5Z","8h",1.31240903915663,4.29307333132992e-06
"ALYREF","PI5Z_8h","PI5Z","8h",-1.04293468198522,1.59105841920078e-15
"AMACR","PI5Z_4h","PI5Z","4h",1.26708988481593,4.47673362164013e-13
"AMDHD2","PI5Z_24h","PI5Z","24h",1.32509864820406,2.23494881371852e-14
"AMPD3","PI5Z_4h","PI5Z","4h",2.09544195383269,0.0188372634195163
"AMPD3","PI5Z_8h","PI5Z","8h",1.690193980736,0.0281306611019894
"ANAPC1P2","PI5Z_8h","PI5Z","8h",-3.0302233165729,0.0265711177056006
"ANKRA2","PI5Z_4h","PI5Z","4h",1.21899728491114,1.71495140187724e-09
"ANKRA2","PI5Z_8h","PI5Z","8h",1.00280273567256,2.80848247601059e-09
"ANKRD13A","PI5Z_8h","PI5Z","8h",1.46397851995165,8.0565916620824e-19
"ANKRD13A","PI5Z_24h","PI5Z","24h",1.07320644044084,3.42496181240642e-13
"ANKRD24","PI5Z_8h","PI5Z","8h",1.66122613165385,0.0013354940840429
"ANXA8L1","PI5Z_24h","PI5Z","24h",1.49765069722565,0.0212562382740304
"AP1AR","PI5Z_24h","PI5Z","24h",-1.17378601950557,7.38038679642033e-12
"APCDD1L-DT","PI5Z_8h","PI5Z","8h",-1.03517543217924,1.36898490996954e-05
"APOBEC2","PI5Z_24h","PI5Z","24h",2.3896220282556,0.0384167021313726
"APOC1","PI5Z_24h","PI5Z","24h",1.29478594096055,4.60889199955431e-12
"APOLD1","PI5Z_4h","PI5Z","4h",1.46525683503581,2.98270087062357e-05
"APOLD1","PI5Z_8h","PI5Z","8h",1.35479332634111,1.95369600741867e-05
"APOLD1","PI5Z_24h","PI5Z","24h",-1.72048652287733,2.05284126638195e-05
"ARHGAP18","PI5Z_24h","PI5Z","24h",1.15774504309464,5.84626933988055e-08
"ARHGEF10L","PI5Z_8h","PI5Z","8h",1.00616297450688,1.45496436208691e-09
"ARHGEF17","PI5Z_8h","PI5Z","8h",1.0797606275197,3.67204676206371e-15
"ARNT2","PI5Z_8h","PI5Z","8h",1.16294401931315,0.00345726794334701
"ARRB1","PI5Z_24h","PI5Z","24h",1.09272616198751,4.99547219850252e-12
"ARSG","PI5Z_8h","PI5Z","8h",1.13776168626698,0.000777148199947976
"ASAP3","PI5Z_8h","PI5Z","8h",1.00127906091181,8.03417279460821e-07
"ASAP3","PI5Z_24h","PI5Z","24h",1.07796044455284,2.24899492058061e-07
"ASDURF","PI5Z_4h","PI5Z","4h",-2.47159567529213,0.00893360536899987
"ASIC1","PI5Z_24h","PI5Z","24h",1.31019997549903,2.40283082077189e-15
"ASIC3","PI5Z_24h","PI5Z","24h",-1.11391712942827,0.015537430590964
"ASNSP4","PI5Z_24h","PI5Z","24h",-2.17603412433712,0.00541749655857347
"ASPHD2","PI5Z_24h","PI5Z","24h",-1.0447643301595,3.80623373239158e-06
"ATAD2","PI5Z_8h","PI5Z","8h",-1.011381314981,6.67834565907665e-13
"ATAD3A","PI5Z_8h","PI5Z","8h",-1.42178966078952,1.72692139011715e-19
"ATG14","PI5Z_4h","PI5Z","4h",1.34213702168145,4.48720725935632e-17
"ATP10B","PI5Z_8h","PI5Z","8h",1.15955858380134,6.85606363773886e-06
"ATP2A3","PI5Z_8h","PI5Z","8h",1.02333392388087,7.25524135251822e-08
"ATP2C2-AS1","PI5Z_8h","PI5Z","8h",1.02686246934485,0.00445535389320449
"ATP6V1G2-DDX39B","PI5Z_4h","PI5Z","4h",-2.49222210589077,0.0428656893817426
"AUNIP","PI5Z_8h","PI5Z","8h",-1.43041759659718,4.71715985059994e-11
"AZIN2","PI5Z_8h","PI5Z","8h",1.21486717952857,6.86036209423755e-08
"B3GALT9","PI5Z_24h","PI5Z","24h",-1.28303120314762,1.81089915538375e-05
"B3GNT7","PI5Z_24h","PI5Z","24h",1.31292492875505,1.91086774332391e-15
"BAALC-AS1","PI5Z_8h","PI5Z","8h",1.43277395545532,1.7954561955447e-08
"BATF2","PI5Z_8h","PI5Z","8h",2.69075264769858,0.00454198688318447
"BBS1","PI5Z_8h","PI5Z","8h",1.51904181038226,0.0360370631544764
"BCAS3","PI5Z_8h","PI5Z","8h",1.15106383266707,4.97680473648043e-09
"BCAT1","PI5Z_8h","PI5Z","8h",1.56299856327817,2.00436531636698e-07
"BCKDHA","PI5Z_8h","PI5Z","8h",1.12196826781809,9.73623064599434e-19
"BCL11B","PI5Z_4h","PI5Z","4h",1.15643655112108,5.30125769783678e-07
"BCL2L11","PI5Z_4h","PI5Z","4h",1.11741703737834,3.77225288414961e-15
"BCRP2","PI5Z_24h","PI5Z","24h",1.47156336858794,2.10057513649165e-05
"BDNF-AS","PI5Z_8h","PI5Z","8h",1.19613212051069,0.0217128828683732
"BDNF-AS","PI5Z_24h","PI5Z","24h",-1.03416079063943,0.0276319702014039
"BHLHB9","PI5Z_8h","PI5Z","8h",1.06145587805266,1.20506208985685e-11
"BLNK","PI5Z_8h","PI5Z","8h",1.33354716411396,0.0175989834192121
"BMS1P2","PI5Z_24h","PI5Z","24h",-1.15747339588685,0.0265956112327359
"BOP1","PI5Z_8h","PI5Z","8h",-1.38197519054331,8.73769179131858e-19
"BORCS8-MEF2B","PI5Z_8h","PI5Z","8h",4.50361592106161,0.0228964286394161
"BRI3BP","PI5Z_8h","PI5Z","8h",-1.02028177424167,1.80518730067603e-14
"BRICD5","PI5Z_24h","PI5Z","24h",1.03653230674417,0.00430628627152975
"BRIX1","PI5Z_4h","PI5Z","4h",-1.22259348389091,3.15762081360049e-15
"BRIX1","PI5Z_8h","PI5Z","8h",-1.14262260935901,2.6945124790717e-14
"BTC","PI5Z_24h","PI5Z","24h",-1.28270599261802,1.25683425778371e-10
"BTF3L4P2","PI5Z_4h","PI5Z","4h",-1.0918878089289,0.00184860475840811
"BTF3L4P2","PI5Z_24h","PI5Z","24h",-1.11406237648851,8.71421656110219e-06
"BTN3A2","PI5Z_8h","PI5Z","8h",1.17732476818855,7.27251276762205e-14
"BYSL","PI5Z_4h","PI5Z","4h",-1.31703930813728,2.25518298132137e-16
"BYSL","PI5Z_8h","PI5Z","8h",-1.31652532170543,5.77079442210014e-17
"C11orf24","PI5Z_4h","PI5Z","4h",-1.0293983631075,5.17343932316142e-14
"C11orf24","PI5Z_8h","PI5Z","8h",-1.06166676094397,3.96222782263359e-15
"C11orf54","PI5Z_8h","PI5Z","8h",1.01137927497899,4.27738348059516e-09
"C12orf60","PI5Z_24h","PI5Z","24h",-1.13584228229609,0.00252007250463459
"C12orf76","PI5Z_4h","PI5Z","4h",1.15983757940416,1.29348514458223e-06
"C16orf74","PI5Z_24h","PI5Z","24h",1.0972601466923,1.34401509831279e-09
"C17orf100","PI5Z_4h","PI5Z","4h",1.03629463139057,0.00027298799498723
"C17orf100","PI5Z_8h","PI5Z","8h",1.0490880969601,5.14342157850828e-06
"C17orf113","PI5Z_2h","PI5Z","2h",1.02621304034424,0.0021087680256539
"C17orf113","PI5Z_4h","PI5Z","4h",1.19273599425589,6.54819216720999e-06
"C17orf113","PI5Z_8h","PI5Z","8h",1.163809813926,6.46171328264221e-07
"C17orf49","PI5Z_24h","PI5Z","24h",-1.08194951291035,0.0131761351496028
"C1GALT1C1L","PI5Z_4h","PI5Z","4h",1.09864594341128,0.0196047476222598
"C1orf21","PI5Z_24h","PI5Z","24h",1.27406241724157,1.27296278109113e-10
"C1QTNF3","PI5Z_24h","PI5Z","24h",1.4218964631771,0.0126229279776042
"C1QTNF6","PI5Z_24h","PI5Z","24h",1.07593619275317,0.000110602397930371
"C1RL","PI5Z_8h","PI5Z","8h",1.00472682448445,5.78930411531734e-12
"C21orf62-AS1","PI5Z_8h","PI5Z","8h",1.11382517234199,0.00300011216025364
"C2CD4A","PI5Z_4h","PI5Z","4h",-1.1783987211153,0.000966263972909798
"C2orf72","PI5Z_24h","PI5Z","24h",1.14347272520976,2.28104275990227e-13
"C2orf88","PI5Z_8h","PI5Z","8h",-1.60375614330406,0.000301533539233682
"C7orf31","PI5Z_24h","PI5Z","24h",-1.27141687617017,1.50224198659393e-06
"C8orf44","PI5Z_8h","PI5Z","8h",1.32931810961487,6.70192734009721e-06
"C9orf116","PI5Z_24h","PI5Z","24h",1.15205305975757,0.000120064038749971
"CALCOCO2","PI5Z_24h","PI5Z","24h",-1.27516563652303,5.97660699551368e-11
"CALML4","PI5Z_24h","PI5Z","24h",1.00847296577736,0.000192138411761157
"CAMK2N2","PI5Z_24h","PI5Z","24h",1.21827446316383,3.12312276940128e-13
"CAMKK1","PI5Z_4h","PI5Z","4h",-1.05694439328103,3.85224016048644e-06
"CAPS","PI5Z_8h","PI5Z","8h",1.16670393865112,4.9447465034543e-05
"CARD8-AS1","PI5Z_4h","PI5Z","4h",1.35025497407358,1.01833774351381e-09
"CBS","PI5Z_4h","PI5Z","4h",-2.47973917870925,0.0369587052175281
"CBWD6","PI5Z_24h","PI5Z","24h",-1.18756993796123,0.000515853548548903
"CCDC113","PI5Z_24h","PI5Z","24h",-1.01431365704027,2.64173107408941e-07
"CCDC138","PI5Z_8h","PI5Z","8h",-1.0333585939962,2.80305129319891e-09
"CCDC17","PI5Z_24h","PI5Z","24h",-1.13364222151088,0.011875357032887
"CCDC18-AS1","PI5Z_4h","PI5Z","4h",1.0674584744625,0.00913870476198205
"CCDC183","PI5Z_8h","PI5Z","8h",1.85354293857483,0.00065600797742683
"CCDC183","PI5Z_24h","PI5Z","24h",1.20913733747641,0.0301785540324174
"CCDC189","PI5Z_24h","PI5Z","24h",1.07268487425516,2.27849196049864e-05
"CCDC62","PI5Z_8h","PI5Z","8h",1.13673329520953,0.00421166419401172
"CCDC77","PI5Z_4h","PI5Z","4h",1.32577706218698,2.08103555526627e-12
"CCDC78","PI5Z_24h","PI5Z","24h",1.15281678536102,5.7275829983439e-07
"CCDC88A","PI5Z_24h","PI5Z","24h",-1.30326088145222,2.26476066475147e-17
"CCL5","PI5Z_24h","PI5Z","24h",1.43369274856942,2.27093758930004e-10
"CCNB1IP1","PI5Z_24h","PI5Z","24h",-1.23231810986197,4.75323496521122e-11
"CCNB2","PI5Z_24h","PI5Z","24h",-1.05937260986591,1.55469988313273e-09
"CCNE1","PI5Z_8h","PI5Z","8h",-1.32113932494275,4.81096093917447e-15
"CCNE1","PI5Z_24h","PI5Z","24h",1.03806320087819,9.30478500109578e-13
"CCNJ","PI5Z_4h","PI5Z","4h",-1.20006913548199,6.56306570902843e-10
"CCPG1","PI5Z_24h","PI5Z","24h",-1.30845461308909,1.71468061200669e-13
"CCT6B","PI5Z_4h","PI5Z","4h",1.23953696888322,0.0403346896970324
"CCT6B","PI5Z_8h","PI5Z","8h",1.64280253736847,0.00367101290226449
"CD101","PI5Z_4h","PI5Z","4h",-1.13054431732883,0.0200483120251859
"CD274","PI5Z_8h","PI5Z","8h",-1.08420221345536,1.45919137409909e-05
"CD274","PI5Z_24h","PI5Z","24h",-1.30089991988418,5.11040271383065e-08
"CD302","PI5Z_24h","PI5Z","24h",1.1452241392604,3.62863406464185e-05
"CDA","PI5Z_24h","PI5Z","24h",1.32800737514856,0.000173904350941439
"CDC14B","PI5Z_8h","PI5Z","8h",1.1093574422184,1.76645213690128e-19
"CDC25C","PI5Z_4h","PI5Z","4h",1.02891804329821,5.1568112638786e-08
"CDC6","PI5Z_8h","PI5Z","8h",-1.65312198278504,1.25229048230453e-18
"CDKL3","PI5Z_8h","PI5Z","8h",1.26290083031987,0.00377141132300848
"CDKN1A","PI5Z_24h","PI5Z","24h",-1.09284507889584,4.27428927854385e-11
"CDT1","PI5Z_24h","PI5Z","24h",1.09870585406205,3.93776311829574e-09
"CDX2","PI5Z_2h","PI5Z","2h",1.00733519534518,3.69272079189197e-12
"CDX2","PI5Z_4h","PI5Z","4h",1.49471821024388,1.19190473185753e-19
"CDX2","PI5Z_8h","PI5Z","8h",1.41723938056283,7.39657648795954e-19
"CEACAM1","PI5Z_24h","PI5Z","24h",1.33300013649974,3.63571392012833e-14
"CEBPA","PI5Z_24h","PI5Z","24h",1.12122983084927,4.44286717729566e-09
"CEBPD","PI5Z_8h","PI5Z","8h",1.28261767511932,3.00195101723562e-06
"CEBPD","PI5Z_24h","PI5Z","24h",1.37181167979236,7.6369290416664e-07
"CEP164","PI5Z_24h","PI5Z","24h",-1.14757276540387,2.56797508594438e-21
"CEP44","PI5Z_4h","PI5Z","4h",1.2517329128162,9.51134221673338e-12
"CEP85L","PI5Z_24h","PI5Z","24h",-1.09023329877591,2.92058005652139e-07
"CEP97","PI5Z_4h","PI5Z","4h",1.07285164778884,2.15519747236187e-11
"CGB8","PI5Z_8h","PI5Z","8h",-2.71122801892936,0.0304302340110524
"CGNL1","PI5Z_8h","PI5Z","8h",1.47389220352505,0.00569782400174117
"CHD6","PI5Z_4h","PI5Z","4h",1.09348898008349,2.746419769676e-18
"CHMP4C","PI5Z_24h","PI5Z","24h",-1.00076144427945,4.47104731615777e-11
"CICP18","PI5Z_8h","PI5Z","8h",1.00479964508968,4.55422426245238e-05
"CKLF-CMTM1","PI5Z_8h","PI5Z","8h",-1.20967604582313,0.0428736347341612
"CLDN19","PI5Z_8h","PI5Z","8h",2.29332649355935,0.00783358951172114
"CLDN23","PI5Z_24h","PI5Z","24h",1.05086627169552,4.01136203160321e-09
"CLDN6","PI5Z_24h","PI5Z","24h",1.16138290360196,2.0167108019961e-12
"CLDN9","PI5Z_8h","PI5Z","8h",1.03424678138897,5.42003965108572e-05
"CLN6","PI5Z_24h","PI5Z","24h",1.00424347424096,2.50131137232035e-12
"CLOCK","PI5Z_4h","PI5Z","4h",-1.0750504569754,1.23583804292736e-20
"CLUH","PI5Z_8h","PI5Z","8h",-1.04917738280447,5.77539407542709e-17
"CMSS1","PI5Z_24h","PI5Z","24h",-1.03773480321279,4.73207766331277e-07
"CNOT7P1","PI5Z_8h","PI5Z","8h",-2.19764118356677,0.00315149620058819
"CNPY4","PI5Z_24h","PI5Z","24h",1.06569774157434,5.97928441550643e-05
"CNTNAP1","PI5Z_8h","PI5Z","8h",1.1548084171123,5.3499503210318e-08
"CNTRL","PI5Z_4h","PI5Z","4h",1.16452138635318,1.07979698518764e-08
"COA7","PI5Z_4h","PI5Z","4h",-1.03863871766359,4.77464097932408e-13
"COL4A1","PI5Z_24h","PI5Z","24h",-1.17719116451257,1.17375830257133e-09
"COL5A2","PI5Z_8h","PI5Z","8h",1.06672705923178,0.0112044513960916
"COL5A2","PI5Z_24h","PI5Z","24h",-1.22269754126147,0.0126278917355576
"COL5A3","PI5Z_4h","PI5Z","4h",1.00924896407657,0.00896490148135877
"COL5A3","PI5Z_24h","PI5Z","24h",1.9224094906223,3.52517256638179e-08
"COLCA2","PI5Z_8h","PI5Z","8h",1.13894417582006,0.00201723493369317
"COQ8A","PI5Z_4h","PI5Z","4h",1.50595480878504,2.52345995733301e-26
"COQ8A","PI5Z_8h","PI5Z","8h",1.02203231096982,1.50849343601904e-19
"CORO1A","PI5Z_8h","PI5Z","8h",-1.10060666555299,0.000865524856244492
"CPNE2","PI5Z_24h","PI5Z","24h",1.07360602199508,1.19689344343884e-15
"CPNE7","PI5Z_8h","PI5Z","8h",-1.01207913602733,2.18131853299276e-07
"CRABP2","PI5Z_8h","PI5Z","8h",-1.00188865709593,4.94556329449167e-15
"CRAT","PI5Z_8h","PI5Z","8h",1.18289932037568,0.0051030618908516
"CRYL1","PI5Z_8h","PI5Z","8h",1.00416127605039,0.00117225189534961
"CRYZL2P","PI5Z_24h","PI5Z","24h",1.06892005079515,0.00175176980416659
"CSMD3","PI5Z_8h","PI5Z","8h",-1.62681352439318,0.00206037159268243
"CSMD3","PI5Z_24h","PI5Z","24h",-1.09811140917376,0.00725663336164542
"CSRNP1","PI5Z_1h","PI5Z","1h",-1.21270301221974,8.7478458359306e-09
"CSRNP1","PI5Z_2h","PI5Z","2h",-1.53245529326294,1.13918010652921e-10
"CSRP2","PI5Z_24h","PI5Z","24h",1.09432001706505,0.00148635373804891
"CST1","PI5Z_24h","PI5Z","24h",1.16119628282499,1.98417972215794e-12
"CST2","PI5Z_24h","PI5Z","24h",1.17538975248673,7.59689977769868e-13
"CTSH","PI5Z_24h","PI5Z","24h",1.21244067848957,3.28291615141455e-20
"CTSK","PI5Z_8h","PI5Z","8h",1.05915253018481,3.98735243679486e-08
"CTSO","PI5Z_8h","PI5Z","8h",1.7015875366385,1.44931005143673e-09
"CTSO","PI5Z_24h","PI5Z","24h",1.45421788733591,8.01998371086482e-09
"CTXN1","PI5Z_24h","PI5Z","24h",1.28122451050061,9.63908670382225e-13
"CUTA","PI5Z_24h","PI5Z","24h",1.24517604882442,1.77097846321281e-16
"CWC27","PI5Z_24h","PI5Z","24h",-1.0249383725523,2.65871894129128e-15
"CYCS","PI5Z_4h","PI5Z","4h",-1.01775597548499,6.58016968906851e-14
"CYCS","PI5Z_8h","PI5Z","8h",-1.45224050194593,8.51662068091572e-20
"CYP51A1","PI5Z_24h","PI5Z","24h",1.26104057286288,4.51407301619817e-12
"CYTH3","PI5Z_24h","PI5Z","24h",1.04086253315476,4.72667153314299e-11
"DAB2","PI5Z_24h","PI5Z","24h",1.00771646566734,3.85361708445823e-10
"DCBLD1","PI5Z_8h","PI5Z","8h",-1.00956658768983,9.71939650514061e-10
"DCTPP1","PI5Z_8h","PI5Z","8h",-1.06166596582862,5.55868655670599e-15
"DCUN1D5","PI5Z_24h","PI5Z","24h",-1.20563668459574,6.01522646262672e-18
"DDIAS","PI5Z_8h","PI5Z","8h",-1.32974666342293,3.63766538780177e-13
"DDX31","PI5Z_8h","PI5Z","8h",-1.01662153931253,5.6085057885157e-16
"DEDD2","PI5Z_2h","PI5Z","2h",1.06302345344767,9.27340564727747e-09
"DEPDC1","PI5Z_24h","PI5Z","24h",-1.17057600831613,3.32197363427114e-09
"DES","PI5Z_24h","PI5Z","24h",1.42394245873275,1.78152979602297e-08
"DGCR11","PI5Z_8h","PI5Z","8h",-1.33670695855984,4.54337548257071e-08
"DGCR5","PI5Z_24h","PI5Z","24h",1.11861293690854,4.97060520796755e-07
"DGKK","PI5Z_8h","PI5Z","8h",-1.11672656574551,0.000971975466219604
"DHX37","PI5Z_8h","PI5Z","8h",-1.01176496922393,8.0519594465195e-18
"DICER1-AS1","PI5Z_4h","PI5Z","4h",1.22829532857473,6.25962252810456e-06
"DICER1-AS1","PI5Z_8h","PI5Z","8h",1.40616014632271,1.60647701843616e-08
"DIP2C","PI5Z_8h","PI5Z","8h",1.28147487324676,0.000278975623206655
"DKC1","PI5Z_8h","PI5Z","8h",-1.15628846209615,4.76069386133517e-20
"DLEU2","PI5Z_8h","PI5Z","8h",-1.08335312816195,2.99129868763748e-07
"DLX4","PI5Z_8h","PI5Z","8h",1.10887493539051,6.89728215228827e-07
"DMRT1","PI5Z_24h","PI5Z","24h",1.33091786897858,5.86626447764446e-06
"DNAJB1","PI5Z_4h","PI5Z","4h",-1.00955148905408,2.78483887951466e-09
"DNAJB5","PI5Z_24h","PI5Z","24h",1.1574221389285,0.00222713660418931
"DNAJC9","PI5Z_8h","PI5Z","8h",-1.12333549912918,1.68150326447437e-16
"DNAJC9-AS1","PI5Z_2h","PI5Z","2h",1.03733765302229,0.0338157862169214
"DNAJC9-AS1","PI5Z_4h","PI5Z","4h",1.13003064094114,0.00191699153791978
"DNAL4","PI5Z_8h","PI5Z","8h",1.12241876086729,1.92718394957524e-11
"DOC2A","PI5Z_8h","PI5Z","8h",1.03715958018887,0.000520414784483975
"DOC2A","PI5Z_24h","PI5Z","24h",1.19534137775877,0.000127469659392054
"DOCK4","PI5Z_8h","PI5Z","8h",-1.00734910444961,5.91600928014066e-07
"DPH2","PI5Z_8h","PI5Z","8h",-1.32249739031295,2.68421400859627e-17
"DUSP8","PI5Z_2h","PI5Z","2h",-1.02514456270386,1.22559597444155e-06
"DUSP8P5","PI5Z_4h","PI5Z","4h",1.18809472258192,0.00234116293946022
"DYRK1B","PI5Z_2h","PI5Z","2h",-1.16819410453386,0.000498760924768265
"DYRK1B","PI5Z_4h","PI5Z","4h",-1.25825656573748,2.35848864976525e-05
"DZIP3","PI5Z_24h","PI5Z","24h",-1.0322880297748,2.85172147493483e-12
"E2F1","PI5Z_8h","PI5Z","8h",-1.1669648275408,2.65063281542057e-09
"E2F1","PI5Z_24h","PI5Z","24h",1.17913165220926,1.8403394643414e-11
"E2F3","PI5Z_4h","PI5Z","4h",-1.30859960519605,6.61390000440834e-23
"E2F3","PI5Z_8h","PI5Z","8h",-1.23962646309163,3.68386791707655e-22
"E2F3P2","PI5Z_24h","PI5Z","24h",-1.75239782014331,0.0214807328949699
"EBNA1BP2","PI5Z_8h","PI5Z","8h",-1.00416579180973,7.04110094816208e-18
"EBP","PI5Z_24h","PI5Z","24h",1.06578863631097,7.0552994704268e-09
"EDA2R","PI5Z_24h","PI5Z","24h",-1.30559374221389,0.000102475696549436
"EDC3","PI5Z_8h","PI5Z","8h",1.03989873582198,2.85025850196515e-21
"EEF1AKMT4","PI5Z_8h","PI5Z","8h",-1.08364897346457,1.3882901232958e-10
"EEF1E1","PI5Z_8h","PI5Z","8h",-1.15278480162532,1.76218026394723e-15
"EEF2KMT","PI5Z_4h","PI5Z","4h",-1.05692614745731,2.37803997527062e-08
"EEF2KMT","PI5Z_8h","PI5Z","8h",-1.64082746386997,7.10488898737053e-14
"EFNA1","PI5Z_2h","PI5Z","2h",1.29885597665227,3.21939691668621e-17
"EFNA1","PI5Z_4h","PI5Z","4h",1.53550044375336,1.23583804292736e-20
"EID2B","PI5Z_4h","PI5Z","4h",1.12590487121237,1.50106338707494e-07
"EIF1","PI5Z_24h","PI5Z","24h",-1.15488836547284,2.02454474640748e-12
"EIF2AK3-DT","PI5Z_4h","PI5Z","4h",1.79824877150773,0.00584255229056244
"EIF2AK3-DT","PI5Z_8h","PI5Z","8h",1.28029136028888,0.0133552355517054
"EIF2B3","PI5Z_8h","PI5Z","8h",-1.10930446721959,1.75941470231216e-12
"EIF2S1","PI5Z_8h","PI5Z","8h",-1.04749677046217,3.97849465455394e-18
"EIF2S2P3","PI5Z_8h","PI5Z","8h",-1.16346896624861,8.49844603444211e-05
"EIF2S2P3","PI5Z_24h","PI5Z","24h",-1.24442434757145,1.10341447011676e-06
"EIF2S2P4","PI5Z_24h","PI5Z","24h",-1.3394224721701,3.62705285932899e-08
"EIF3J","PI5Z_8h","PI5Z","8h",-1.0079494469757,9.97146990284179e-16
"ELOVL6","PI5Z_8h","PI5Z","8h",-1.57165101967428,6.85954583798643e-17
"EMBP1","PI5Z_24h","PI5Z","24h",-1.07244835309465,0.00111200397248817
"ENPP1","PI5Z_24h","PI5Z","24h",1.02213198645361,0.00963362398741911
"ENTPD1-AS1","PI5Z_8h","PI5Z","8h",-1.01544943390852,2.05282318798441e-13
"EPHA10","PI5Z_24h","PI5Z","24h",1.19053988021621,2.08003450418165e-08
"EPOR","PI5Z_24h","PI5Z","24h",1.02112770612119,2.88571806064456e-08
"EPRS1","PI5Z_24h","PI5Z","24h",-1.1291431832669,1.10598739906124e-07
"ERG28","PI5Z_24h","PI5Z","24h",1.3391677762282,3.71369725189506e-13
"ERICH2","PI5Z_24h","PI5Z","24h",-1.85375613641786,2.71224834556144e-06
"ERMAP","PI5Z_8h","PI5Z","8h",1.29813128696568,3.25977506963692e-12
"ERP27","PI5Z_24h","PI5Z","24h",1.55856126870617,1.12139287766672e-07
"ERVH-1","PI5Z_8h","PI5Z","8h",1.16108201446698,5.24648288757176e-09
"ETFBKMT","PI5Z_8h","PI5Z","8h",1.44483445533601,0.0179132464838959
"ETNK2","PI5Z_24h","PI5Z","24h",1.50273826877599,6.90229118280251e-08
"EVA1C","PI5Z_24h","PI5Z","24h",1.1211952292007,1.80076573072135e-18
"EXO1","PI5Z_8h","PI5Z","8h",-1.19091785246251,1.87519382799456e-12
"EXOSC4","PI5Z_4h","PI5Z","4h",-1.49187573672071,2.26827122383159e-16
"F8","PI5Z_8h","PI5Z","8h",1.06434178323402,0.000360783664161413
"FAAH2","PI5Z_8h","PI5Z","8h",1.29328923559286,1.05316643453774e-06
"FAM111A-DT","PI5Z_4h","PI5Z","4h",1.17741157587047,4.16083128213006e-08
"FAM111A-DT","PI5Z_8h","PI5Z","8h",1.1953800119686,4.7422714778637e-09
"FAM117A","PI5Z_8h","PI5Z","8h",1.11002891036078,5.86723303281899e-11
"FAM157A","PI5Z_24h","PI5Z","24h",2.32748487246078,0.0152267769806972
"FAM171A2","PI5Z_24h","PI5Z","24h",1.20051205548305,3.13934429301806e-06
"FAM187A","PI5Z_8h","PI5Z","8h",1.35626384782098,1.77282794881891e-05
"FAM210B","PI5Z_24h","PI5Z","24h",1.02794946501418,1.55799605020744e-18
"FAM229A","PI5Z_4h","PI5Z","4h",1.40236944024382,1.57184030083268e-10
"FAM229A","PI5Z_8h","PI5Z","8h",1.2889304717267,6.23545006701183e-11
"FAM24B","PI5Z_24h","PI5Z","24h",-1.1058254123599,4.66451732591666e-06
"FAM41C","PI5Z_4h","PI5Z","4h",-2.35681241486559,0.00016229520178856
"FAM72A","PI5Z_24h","PI5Z","24h",-1.16299550637473,2.50764037416791e-08
"FAM72B","PI5Z_24h","PI5Z","24h",-1.54485469378205,3.40804143294077e-08
"FAM72D","PI5Z_24h","PI5Z","24h",-1.24067555523449,6.270936241815e-09
"FAM86FP","PI5Z_8h","PI5Z","8h",1.23904041098294,0.0171474222657795
"FAM89B","PI5Z_24h","PI5Z","24h",1.08610789253322,1.30735957891306e-06
"FAR2P1","PI5Z_4h","PI5Z","4h",1.1111251975448,0.0359769907597015
"FARSB","PI5Z_8h","PI5Z","8h",-1.03116202295485,1.08659830706145e-13
"FAXDC2","PI5Z_24h","PI5Z","24h",-1.29671301539748,0.000498319735402692
"FCGRT","PI5Z_24h","PI5Z","24h",1.34919070519893,2.20313122893748e-24
"FEN1","PI5Z_8h","PI5Z","8h",-1.10815749170768,1.64078963397209e-07
"FEN1","PI5Z_24h","PI5Z","24h",1.71761769296468,1.03182014804624e-12
"FGF7P6","PI5Z_24h","PI5Z","24h",-2.00295890689642,0.00748048428507419
"FGF9","PI5Z_2h","PI5Z","2h",1.15778263694368,0.000634180927133727
"FGF9","PI5Z_4h","PI5Z","4h",1.8114782006207,1.71852516423852e-08
"FGFR3","PI5Z_24h","PI5Z","24h",1.26297846166264,5.63215447863419e-15
"FKBP5","PI5Z_8h","PI5Z","8h",-1.4045699803553,2.51573930581151e-16
"FKBP7","PI5Z_24h","PI5Z","24h",1.01338493084466,0.000796134595157338
"FLAD1","PI5Z_8h","PI5Z","8h",-1.06268349663607,6.85954583798643e-17
"FLJ37453","PI5Z_8h","PI5Z","8h",1.03284853576167,8.04717880051607e-06
"FLVCR2","PI5Z_24h","PI5Z","24h",1.07528360189618,8.63167400694129e-09
"FMC1","PI5Z_8h","PI5Z","8h",1.0522849732946,0.000278182115974344
"FMO4","PI5Z_8h","PI5Z","8h",1.08360084184165,5.31792809329984e-07
"FMOD","PI5Z_8h","PI5Z","8h",1.05718445006971,5.92290186967963e-09
"FNBP1P1","PI5Z_4h","PI5Z","4h",1.08242367815666,0.00255459298593084
"FNIP1","PI5Z_4h","PI5Z","4h",1.44978336798149,1.04164489907592e-17
"FNIP2","PI5Z_8h","PI5Z","8h",-1.05212432262027,6.56375185901258e-09
"FOXD2","PI5Z_24h","PI5Z","24h",1.23597409055253,9.05135460770816e-08
"FOXN3","PI5Z_4h","PI5Z","4h",1.31896213224933,4.93147947039177e-16
"FOXN3","PI5Z_8h","PI5Z","8h",1.09397372381196,1.26856201261469e-13
"FOXP1","PI5Z_4h","PI5Z","4h",1.02655489368724,1.20438199218729e-11
"FRA10AC1","PI5Z_24h","PI5Z","24h",-1.18170245984538,2.50002788839572e-11
"FRG1HP","PI5Z_4h","PI5Z","4h",1.02668626349032,1.01543481589566e-05
"FSCN1","PI5Z_8h","PI5Z","8h",-1.90377322062805,5.07000006925728e-15
"FSD1L","PI5Z_24h","PI5Z","24h",1.30237405152162,1.81281798421801e-11
"FTH1P16","PI5Z_24h","PI5Z","24h",-1.02985676589049,0.0037348035137498
"FUT4","PI5Z_4h","PI5Z","4h",-1.06645135854652,6.09151590648059e-17
"FUT8-AS1","PI5Z_8h","PI5Z","8h",1.10358829484843,0.000885929110132951
"FXN","PI5Z_8h","PI5Z","8h",-1.20084280598603,5.09179005263148e-14
"GABRA3","PI5Z_24h","PI5Z","24h",-1.22146413558293,8.62063457116987e-07
"GALC","PI5Z_24h","PI5Z","24h",1.10504237404875,5.99313851796975e-13
"GALNT6","PI5Z_8h","PI5Z","8h",1.03932054519405,4.05133292306092e-21
"GALNT6","PI5Z_24h","PI5Z","24h",1.01916998069202,1.81362152782334e-20
"GBP1","PI5Z_8h","PI5Z","8h",-1.29322369985271,0.0168267710179259
"GCNA","PI5Z_24h","PI5Z","24h",-1.15247822729003,0.000141122376990786
"GCNT4","PI5Z_24h","PI5Z","24h",1.64564983299656,5.85410661324276e-06
"GEMIN4","PI5Z_4h","PI5Z","4h",-1.00736295959949,9.32706445935053e-11
"GEMIN5","PI5Z_8h","PI5Z","8h",-1.0561441633145,2.25645267446832e-17
"GHET1","PI5Z_8h","PI5Z","8h",1.09379382703858,0.000352131709439673
"GINS2","PI5Z_8h","PI5Z","8h",-1.11631265840356,1.30361467594167e-10
"GINS2","PI5Z_24h","PI5Z","24h",1.24343862425626,1.01639348172615e-12
"GINS3","PI5Z_8h","PI5Z","8h",-1.07647145425533,1.03641726434686e-12
"GIPR","PI5Z_8h","PI5Z","8h",1.06693823353916,1.76642620362532e-06
"GLB1L","PI5Z_8h","PI5Z","8h",1.02577301130969,1.63415689175937e-08
"GLCCI1","PI5Z_4h","PI5Z","4h",1.10706609886177,1.92424491974671e-16
"GMDS-DT","PI5Z_8h","PI5Z","8h",1.068020021584,3.11982044254117e-07
"GMPPB","PI5Z_8h","PI5Z","8h",-1.09472832395575,8.19600936228637e-10
"GNAZ","PI5Z_24h","PI5Z","24h",1.40608299810626,4.91692012691354e-08
"GNB1L","PI5Z_4h","PI5Z","4h",-1.12977781733589,4.09010513621981e-09
"GNG7","PI5Z_8h","PI5Z","8h",1.72288576058857,0.00156933276512968
"GNL3","PI5Z_8h","PI5Z","8h",-1.17535769697748,2.06713900363514e-19
"GOLGA2P7","PI5Z_24h","PI5Z","24h",-1.01764538540433,9.98768347816044e-14
"GOLPH3-DT","PI5Z_4h","PI5Z","4h",1.07518999373458,0.00606180380036786
"GOLPH3L","PI5Z_4h","PI5Z","4h",1.23033990115096,2.65974897586696e-20
"GOT1","PI5Z_24h","PI5Z","24h",-1.1097041750565,2.81257269154562e-15
"GPC2","PI5Z_8h","PI5Z","8h",-1.07219147019517,0.00138530663647564
"GPR1","PI5Z_24h","PI5Z","24h",-1.0793576198485,2.66378298187479e-09
"GPR143","PI5Z_8h","PI5Z","8h",-1.17801141360502,0.00534358964124968
"GPR161","PI5Z_24h","PI5Z","24h",1.02310016129027,8.28541396121504e-14
"GPR87","PI5Z_24h","PI5Z","24h",-1.54412474027401,0.00136350308205762
"GPRC5D-AS1","PI5Z_8h","PI5Z","8h",1.22493521772279,7.47351871670123e-06
"GPT","PI5Z_4h","PI5Z","4h",-1.54723395098306,0.0133082463595197
"GPX5","PI5Z_4h","PI5Z","4h",-1.00455983515489,0.0172890874371495
"GPX5","PI5Z_8h","PI5Z","8h",-1.39790711741134,0.00222300454211272
"GPX5","PI5Z_24h","PI5Z","24h",-2.53895243985167,9.79453008177792e-05
"GRAMD1C","PI5Z_8h","PI5Z","8h",1.40468537950516,1.92311901688665e-07
"GRIN2C","PI5Z_8h","PI5Z","8h",1.14019424721285,0.000154716971343482
"GRPEL1","PI5Z_8h","PI5Z","8h",-1.02490101077469,2.26116490349601e-15
"GRPEL2","PI5Z_24h","PI5Z","24h",-1.04662267473497,2.23966498935216e-05
"GRWD1","PI5Z_8h","PI5Z","8h",-1.06091897045616,7.36213977502322e-17
"GTF2H2","PI5Z_24h","PI5Z","24h",-1.0614246346689,1.88097891368184e-06
"GTF2IP1","PI5Z_4h","PI5Z","4h",1.3120487183463,1.94172185121298e-06
"GTF2IP1","PI5Z_24h","PI5Z","24h",1.31517262216384,1.22046548276595e-06
"GTF2IP4","PI5Z_8h","PI5Z","8h",1.0916278016357,1.13102762093262e-10
"GTF2IP4","PI5Z_24h","PI5Z","24h",1.02469222688301,1.38614513937613e-08
"GTF2IRD2","PI5Z_8h","PI5Z","8h",1.36644724290679,0.000122011613075943
"GTPBP4","PI5Z_8h","PI5Z","8h",-1.2745966200536,1.08316654268945e-20
"H1-0","PI5Z_24h","PI5Z","24h",-1.88419111857781,7.70639873351127e-16
"H6PD","PI5Z_8h","PI5Z","8h",1.06086703468887,1.55618791601689e-13
"HAX1","PI5Z_24h","PI5Z","24h",-1.613104636708,2.39310457251828e-12
"HCG11","PI5Z_4h","PI5Z","4h",1.02012389957632,1.16886627752681e-09
"HCN3","PI5Z_24h","PI5Z","24h",1.10634601989967,1.03508789223685e-09
"HEATR3","PI5Z_8h","PI5Z","8h",-1.03380176197814,1.40800679464492e-16
"HELLS","PI5Z_24h","PI5Z","24h",1.0596724969805,4.05720045955057e-10
"HEPH","PI5Z_24h","PI5Z","24h",1.64285207724899,8.63181905979384e-08
"HES7","PI5Z_8h","PI5Z","8h",1.64527436867027,0.000890050051358155
"HFE","PI5Z_8h","PI5Z","8h",1.01748858404869,4.94158218337922e-10
"HGH1","PI5Z_8h","PI5Z","8h",-1.1340868165495,3.91539974038361e-14
"HHLA2","PI5Z_8h","PI5Z","8h",1.29847696416744,3.32238582481711e-08
"HLA-DMA","PI5Z_8h","PI5Z","8h",1.12248137775517,4.68974579693833e-06
"HLA-DMA","PI5Z_24h","PI5Z","24h",1.17366201162027,1.1087707952437e-06
"HMGA2","PI5Z_4h","PI5Z","4h",-1.02018931982766,2.14717986948737e-12
"HMGB2","PI5Z_4h","PI5Z","4h",1.00869566634429,1.05756806689521e-09
"HMGCL","PI5Z_8h","PI5Z","8h",1.30670912238893,2.51401814714064e-14
"HNF1B","PI5Z_4h","PI5Z","4h",1.14799629979713,1.10724248419172e-13
"HNRNPAB","PI5Z_8h","PI5Z","8h",-1.33776293446446,1.03611768045425e-18
"HNRNPCP6","PI5Z_8h","PI5Z","8h",-1.42946513864874,0.0369633085486345
"HOMER1","PI5Z_8h","PI5Z","8h",-1.23662513735563,9.53756368112965e-18
"HOXB7","PI5Z_4h","PI5Z","4h",-1.17816785405021,0.0110463911529774
"HOXB7","PI5Z_8h","PI5Z","8h",-1.055516798105,0.0147250652513958
"HOXB9","PI5Z_4h","PI5Z","4h",-1.18638629811211,0.000255760775944724
"HOXB9","PI5Z_8h","PI5Z","8h",-1.52219860068972,1.46217528119535e-07
"HOXB9","PI5Z_24h","PI5Z","24h",-1.58004316108219,5.47647696031823e-10
"HPDL","PI5Z_24h","PI5Z","24h",1.42566390124948,1.59889093937934e-11
"HPSE","PI5Z_24h","PI5Z","24h",1.22528116947919,1.90713465517428e-10
"HS1BP3","PI5Z_8h","PI5Z","8h",1.11217125263033,1.14762671553069e-14
"HSD17B14","PI5Z_24h","PI5Z","24h",1.70105097795889,0.0013666021510143
"HSD3B1","PI5Z_24h","PI5Z","24h",2.76747975736644,0.0265660216688852
"HSP90AA1","PI5Z_24h","PI5Z","24h",1.02783495765745,1.53365144993882e-10
"HSPA1A","PI5Z_24h","PI5Z","24h",1.12701009800904,0.00937315846915763
"HSPA1B","PI5Z_24h","PI5Z","24h",1.5097720911852,4.79495987264418e-05
"HSPE1P3","PI5Z_8h","PI5Z","8h",-1.16197606712016,6.03249938942998e-05
"HSPE1P3","PI5Z_24h","PI5Z","24h",1.13689941528771,0.0019443422370392
"ID2-AS1","PI5Z_8h","PI5Z","8h",1.06776616151066,0.000141016881007259
"IDH2","PI5Z_24h","PI5Z","24h",1.2542072647343,2.34374461799791e-14
"IFRD2","PI5Z_8h","PI5Z","8h",-1.13533024244942,7.43291778496208e-18
"IFT140","PI5Z_8h","PI5Z","8h",1.10985345718397,7.40026569982525e-11
"IGF2BP3","PI5Z_24h","PI5Z","24h",-1.04753621557388,6.85353693453808e-08
"IGFBP4","PI5Z_8h","PI5Z","8h",-1.2665278800071,7.57358130285049e-15
"IGIP","PI5Z_8h","PI5Z","8h",1.01979589924481,7.89378725758512e-07
"IL15","PI5Z_4h","PI5Z","4h",1.27799270740887,0.000302760011534308
"IL15","PI5Z_24h","PI5Z","24h",1.18625927948129,8.7343492430018e-05
"IL17RC","PI5Z_8h","PI5Z","8h",1.21896508214112,5.62336845231586e-09
"INTS6","PI5Z_24h","PI5Z","24h",-1.2059974158274,2.76827375766772e-16
"INTS6-AS1","PI5Z_8h","PI5Z","8h",1.41161109866396,5.94810370662971e-07
"INTS6-AS1","PI5Z_24h","PI5Z","24h",-1.08932017794306,0.000423556954741415
"IPO4","PI5Z_8h","PI5Z","8h",-1.13678744986986,1.6618886339668e-17
"IQCD","PI5Z_8h","PI5Z","8h",1.50767783354992,0.000105226435984267
"IQCJ-SCHIP1","PI5Z_4h","PI5Z","4h",-1.69405856704696,0.00203183555725608
"IQCJ-SCHIP1","PI5Z_8h","PI5Z","8h",-1.50852983914709,0.00283097520936075
"IRF1-AS1","PI5Z_4h","PI5Z","4h",1.08143822185579,0.00419443976301527
"IRF1-AS1","PI5Z_8h","PI5Z","8h",1.41405391030608,1.52291508239412e-05
"IRF1-AS1","PI5Z_24h","PI5Z","24h",1.01516683205871,0.00116115122225462
"ITGB8-AS1","PI5Z_4h","PI5Z","4h",1.17252866892525,0.0196748189225595
"ITGB8-AS1","PI5Z_8h","PI5Z","8h",1.21117786007026,0.00390078251096633
"JMJD6","PI5Z_4h","PI5Z","4h",-1.37246254234975,3.68636080264252e-08
"JSRP1","PI5Z_8h","PI5Z","8h",1.04256139546781,0.0166455996440039
"JUNB","PI5Z_2h","PI5Z","2h",-1.00593108477695,3.67745321825015e-06
"KBTBD3","PI5Z_4h","PI5Z","4h",1.01577314092682,0.00408554523327582
"KCNC3","PI5Z_8h","PI5Z","8h",1.2251158457546,5.35709721255191e-07
"KCNH3","PI5Z_24h","PI5Z","24h",1.21301128422492,8.11208910059622e-05
"KCTD15","PI5Z_4h","PI5Z","4h",-1.05482621427487,3.53834556998094e-16
"KCTD7","PI5Z_24h","PI5Z","24h",1.09599859046881,1.04548458806356e-08
"KDM4A","PI5Z_24h","PI5Z","24h",-1.02960352321761,3.693005960868e-13
"KDM4D","PI5Z_2h","PI5Z","2h",1.00121703379499,0.0167646701454434
"KDM4D","PI5Z_4h","PI5Z","4h",1.05401786653361,0.00399086399847585
"KHK","PI5Z_24h","PI5Z","24h",1.02412305254237,3.4273085045856e-12
"KIAA0319","PI5Z_24h","PI5Z","24h",1.43456036360639,2.79115286517165e-07
"KLC4","PI5Z_4h","PI5Z","4h",1.00272169448089,3.49616683464814e-09
"KLC4","PI5Z_8h","PI5Z","8h",1.15886958815005,9.46650666204205e-14
"KLHL22","PI5Z_24h","PI5Z","24h",1.08053884460011,6.48379258321983e-12
"KLHL23","PI5Z_24h","PI5Z","24h",1.02500248289283,6.01229677467363e-16
"KLHL25","PI5Z_24h","PI5Z","24h",1.00769311367049,5.16925409319511e-07
"KLHL31","PI5Z_4h","PI5Z","4h",1.09134350312267,0.0049276625978817
"KLLN","PI5Z_4h","PI5Z","4h",1.05354898930069,0.000588638183146423
"KLLN","PI5Z_8h","PI5Z","8h",1.12664224587188,0.000375498176645477
"KRT23","PI5Z_24h","PI5Z","24h",-1.16365549672828,0.00026545695872279
"KRT86","PI5Z_8h","PI5Z","8h",-1.09571642119438,0.040551286923144
"KRT86","PI5Z_24h","PI5Z","24h",-1.17043369158727,0.00964428807422737
"LAD1","PI5Z_4h","PI5Z","4h",-1.02156663545405,1.29402593979381e-14
"LAD1","PI5Z_8h","PI5Z","8h",-1.17381983667388,3.82529434014819e-17
"LBX2","PI5Z_4h","PI5Z","4h",1.00789895643077,3.25324164109605e-05
"LBX2-AS1","PI5Z_4h","PI5Z","4h",1.25724811600587,3.53456999042963e-13
"LBX2-AS1","PI5Z_8h","PI5Z","8h",1.02084380905792,7.93961126727101e-12
"LCA5","PI5Z_4h","PI5Z","4h",1.0749943356628,0.000126031565825502
"LCA5","PI5Z_24h","PI5Z","24h",-1.71857179744889,9.17796086329767e-11
"LCAT","PI5Z_4h","PI5Z","4h",-1.06150640559086,6.04496907676413e-07
"LCN12","PI5Z_24h","PI5Z","24h",1.41578626298632,7.44596602475228e-06
"LDLRAD2","PI5Z_24h","PI5Z","24h",1.07643356142017,0.0413239255541478
"LENG1","PI5Z_24h","PI5Z","24h",-1.1795459162231,6.90253712802702e-10
"LENG8-AS1","PI5Z_4h","PI5Z","4h",1.07934607438633,0.000660321297539619
"LEPR","PI5Z_8h","PI5Z","8h",1.25028628384058,2.45404528787123e-10
"LGR4","PI5Z_4h","PI5Z","4h",1.15702615045155,5.30195512934352e-19
"LINC00106","PI5Z_24h","PI5Z","24h",1.01612265615809,0.0143513360800678
"LINC00299","PI5Z_24h","PI5Z","24h",1.96916048247257,0.00876776369943104
"LINC00649","PI5Z_8h","PI5Z","8h",1.33833030830191,1.23744797602963e-15
"LINC00664","PI5Z_4h","PI5Z","4h",1.02807159807587,0.019868876076847
"LINC00672","PI5Z_8h","PI5Z","8h",1.35365359357203,0.00312045411199097
"LINC00839","PI5Z_4h","PI5Z","4h",-1.16330090597224,0.000703970994520168
"LINC00847","PI5Z_2h","PI5Z","2h",1.06275167996132,6.27070767331397e-07
"LINC00847","PI5Z_4h","PI5Z","4h",1.25014342256095,5.72505128785599e-11
"LINC00847","PI5Z_8h","PI5Z","8h",1.10498199039439,5.00152498365693e-11
"LINC00957","PI5Z_8h","PI5Z","8h",1.18328771145208,0.00200520770173846
"LINC01011","PI5Z_4h","PI5Z","4h",1.15521891556107,0.000288855570775299
"LINC01089","PI5Z_4h","PI5Z","4h",1.05984229965636,1.40028487844488e-07
"LINC01133","PI5Z_24h","PI5Z","24h",-1.02716812121281,4.33555022468813e-07
"LINC01134","PI5Z_4h","PI5Z","4h",1.63881575731578,0.00254458221028999
"LINC01134","PI5Z_8h","PI5Z","8h",1.4435957354296,0.00115821609776216
"LINC01239","PI5Z_8h","PI5Z","8h",1.48280612798555,0.0105891226402565
"LINC01239","PI5Z_24h","PI5Z","24h",-1.45197320427041,0.00646325478950027
"LINC01252","PI5Z_2h","PI5Z","2h",1.42490739369465,0.037546090804093
"LINC01252","PI5Z_24h","PI5Z","24h",-1.22394303827491,0.0100301270029022
"LINC01341","PI5Z_4h","PI5Z","4h",1.09733242668301,0.0438847016794648
"LINC01341","PI5Z_8h","PI5Z","8h",1.5242894478172,0.000270746567209284
"LINC01342","PI5Z_4h","PI5Z","4h",2.42995721964333,0.00134893296029961
"LINC01342","PI5Z_8h","PI5Z","8h",1.87139766590883,0.000269089660203906
"LINC01348","PI5Z_8h","PI5Z","8h",1.36055554837725,0.0193275667153737
"LINC01441","PI5Z_24h","PI5Z","24h",2.05263224125097,0.00355638789984521
"LINC01445","PI5Z_4h","PI5Z","4h",-1.31382303315237,0.00822119309499052
"LINC01480","PI5Z_24h","PI5Z","24h",-1.57881584387334,0.000966841585338183
"LINC01801","PI5Z_24h","PI5Z","24h",1.78228064572172,0.000911137936117207
"LINC01836","PI5Z_8h","PI5Z","8h",1.05339350591916,1.39277902331859e-08
"LINC01873","PI5Z_24h","PI5Z","24h",-1.07744207276313,0.000100299418745621
"LINC01977","PI5Z_24h","PI5Z","24h",1.23753557583892,0.00340361216634242
"LINC02035","PI5Z_4h","PI5Z","4h",1.23527460199068,1.98066986856725e-07
"LINC02035","PI5Z_8h","PI5Z","8h",1.58032357694927,1.18882165036631e-10
"LINC02062","PI5Z_24h","PI5Z","24h",-2.4719625901273,0.012529152708623
"LINC02365","PI5Z_8h","PI5Z","8h",1.43521939772854,2.41948951934557e-06
"LINC02432","PI5Z_24h","PI5Z","24h",-1.14278692843023,0.0160269955672005
"LINC02474","PI5Z_8h","PI5Z","8h",1.03515591099296,0.00206468878134244
"LINC02542","PI5Z_24h","PI5Z","24h",1.1771831635915,0.0270078439297508
"LINC02552","PI5Z_24h","PI5Z","24h",-1.62425927482674,0.0013699807540087
"LINC02564","PI5Z_4h","PI5Z","4h",1.02525163079936,0.0395340610488837
"LINC02604","PI5Z_8h","PI5Z","8h",1.13549945458816,9.66223968312897e-07
"LINC02604","PI5Z_24h","PI5Z","24h",-1.07039812273552,4.63904964486341e-06
"LINC02614","PI5Z_4h","PI5Z","4h",1.03069103559946,0.0210493195117464
"LINC02700","PI5Z_4h","PI5Z","4h",1.33058667471125,0.00940495289046107
"LINC02700","PI5Z_8h","PI5Z","8h",1.76167890814903,0.000143458335584167
"LINC02700","PI5Z_24h","PI5Z","24h",2.11838988183107,0.000462463661594217
"LINC02777","PI5Z_8h","PI5Z","8h",2.31951350997302,3.3858006563799e-05
"LNCTAM34A","PI5Z_8h","PI5Z","8h",1.1138810563424,0.000137450095758128
"LOXL3","PI5Z_4h","PI5Z","4h",-1.01194846914021,1.58059135837154e-09
"LOXL3","PI5Z_8h","PI5Z","8h",-1.07509819726888,1.79178571865252e-10
"LPAR5","PI5Z_8h","PI5Z","8h",1.17618380308002,3.14063576117622e-12
"LPCAT1","PI5Z_24h","PI5Z","24h",1.2549328399149,3.03623099872578e-19
"LPXN","PI5Z_8h","PI5Z","8h",1.07364737262019,0.00504403023454929
"LRATD2","PI5Z_24h","PI5Z","24h",-1.1481492485113,5.46171052658377e-06
"LRP3","PI5Z_24h","PI5Z","24h",1.23515714197548,4.54801813239959e-15
"LRP4","PI5Z_24h","PI5Z","24h",1.10265495418031,1.39270745174771e-07
"LRRC26","PI5Z_24h","PI5Z","24h",1.74865224448405,1.13412368153347e-08
"LRRC3","PI5Z_24h","PI5Z","24h",1.23719552006819,6.47598902912458e-12
"LRRC37A11P","PI5Z_8h","PI5Z","8h",1.07340295492931,0.00265236585872755
"LRRC37B","PI5Z_4h","PI5Z","4h",1.20087158219109,2.70352023831496e-11
"LRRC45","PI5Z_24h","PI5Z","24h",1.30308738601462,8.18362351394501e-15
"LRRC59","PI5Z_8h","PI5Z","8h",-1.10019320162822,1.09029611644435e-23
"LRRC75B","PI5Z_8h","PI5Z","8h",1.04496403093047,1.20795682148e-07
"LRRC8B","PI5Z_4h","PI5Z","4h",-1.09474374138418,8.38321145902867e-15
"LRRC8B","PI5Z_8h","PI5Z","8h",-1.25213740098015,8.35918787849883e-17
"LRRN4","PI5Z_8h","PI5Z","8h",-1.63744621957577,0.00431004594412205
"LTB4R","PI5Z_24h","PI5Z","24h",-1.00490620147032,9.62712794245911e-07
"LTV1","PI5Z_4h","PI5Z","4h",-1.01952293972329,5.73434706337265e-13
"LTV1","PI5Z_8h","PI5Z","8h",-1.3675824127438,2.88751125900074e-17
"LYPD6B","PI5Z_24h","PI5Z","24h",-1.21297513771029,2.19943993426332e-12
"LZTS1","PI5Z_8h","PI5Z","8h",-1.28002195562985,0.00302495199791037
"LZTS1","PI5Z_24h","PI5Z","24h",1.25237654994775,0.0041705835213513
"MAFIP","PI5Z_8h","PI5Z","8h",3.00803771394317,0.0238525079688005
"MAK16","PI5Z_8h","PI5Z","8h",-1.07132945880211,5.84779973731661e-14
"MALT1","PI5Z_8h","PI5Z","8h",-1.20677735479989,8.15804868603704e-19
"MAMSTR","PI5Z_24h","PI5Z","24h",-1.18316204067856,8.13000186355877e-05
"MANEAL","PI5Z_24h","PI5Z","24h",1.32043108613328,5.41305211716928e-17
"MANF","PI5Z_24h","PI5Z","24h",1.26268324058565,2.65295747412178e-08
"MAP3K14-AS1","PI5Z_8h","PI5Z","8h",1.17810672906435,0.000108231767781977
"MAP3K5","PI5Z_8h","PI5Z","8h",-1.07328815121812,1.41804837501977e-09
"MAP3K6","PI5Z_24h","PI5Z","24h",1.28012326599343,4.01691149833332e-14
"MAP3K7CL","PI5Z_8h","PI5Z","8h",1.13022671545288,0.000197582992704854
"MARCHF3","PI_8h","PI","8h",1.01630096322873,3.39506280057513e-05
"MARCHF3","PI5Z_8h","PI5Z","8h",-1.16572167340608,0.00014343315344074
"MATN2","PI5Z_24h","PI5Z","24h",1.29174667888228,0.0223240625791594
"MBOAT1","PI5Z_24h","PI5Z","24h",1.07807372654833,9.23222116838137e-11
"MCM2","PI5Z_24h","PI5Z","24h",1.3222836266083,7.81199805756058e-13
"MCM3","PI5Z_24h","PI5Z","24h",1.03580560794899,8.96892252226147e-16
"MCM5","PI5Z_24h","PI5Z","24h",1.45827219966689,2.0102523425044e-15
"MCM6","PI5Z_8h","PI5Z","8h",-1.52993481475927,6.1461865838451e-13
"MCM6","PI5Z_24h","PI5Z","24h",1.70133152338185,1.87889111108091e-15
"MCM7","PI5Z_24h","PI5Z","24h",1.27320020910142,1.20520398948109e-14
"MDFI","PI5Z_4h","PI5Z","4h",-1.03841683456901,1.26665437319199e-14
"MED15P9","PI5Z_4h","PI5Z","4h",1.25565647842501,0.00330073575866437
"MED15P9","PI5Z_8h","PI5Z","8h",1.10514617649948,0.00222849446792447
"MEX3B","PI5Z_24h","PI5Z","24h",1.17153984147469,8.08338646178101e-05
"MFSD4A","PI5Z_4h","PI5Z","4h",1.25510364771117,0.000326180600987813
"MHENCR","PI5Z_4h","PI5Z","4h",1.11310290870883,2.44716659645155e-05
"MIOS-DT","PI5Z_8h","PI5Z","8h",-1.16979034796047,1.68456994980282e-06
"MIR205HG","PI5Z_8h","PI5Z","8h",-1.49315056798037,0.000467931060753965
"MIR205HG","PI5Z_24h","PI5Z","24h",-1.72858058815482,6.34880964394212e-08
"MIR22HG","PI5Z_2h","PI5Z","2h",-1.21857630254819,3.92743414150804e-08
"MIR22HG","PI5Z_4h","PI5Z","4h",-1.48960081034784,9.14974335254236e-12
"MIR23AHG","PI5Z_1h","PI5Z","1h",-1.08322378734525,0.00177802954931506
"MIR29B2CHG","PI5Z_4h","PI5Z","4h",1.0764243692248,0.00629052610356703
"MMP23B","PI5Z_24h","PI5Z","24h",1.22665165961021,2.49860528209001e-09
"MOCS1","PI5Z_4h","PI5Z","4h",1.1115926408034,3.89570807580707e-09
"MOCS1","PI5Z_24h","PI5Z","24h",1.09005399452839,1.24271898559141e-08
"MOGAT3","PI5Z_24h","PI5Z","24h",1.27238876950039,0.0122513846909765
"MON1A","PI5Z_24h","PI5Z","24h",-1.05080140023579,3.66314486078129e-08
"MORN4","PI5Z_24h","PI5Z","24h",-1.31619985687273,7.59467988512263e-09
"MPHOSPH6","PI5Z_8h","PI5Z","8h",-1.07314998523897,1.46077179456856e-13
"MPP3","PI5Z_4h","PI5Z","4h",-1.01236655446194,6.09038063137028e-06
"MPP7","PI5Z_8h","PI5Z","8h",1.09371792755866,5.51586268264489e-14
"MPV17L","PI5Z_8h","PI5Z","8h",1.00454320028197,0.0157618119900842
"MPV17L2","PI5Z_8h","PI5Z","8h",-1.01526754434001,2.53103450238931e-08
"MR1","PI5Z_8h","PI5Z","8h",1.19246137099146,2.66618920879489e-13
"MRM1","PI5Z_8h","PI5Z","8h",-1.28050362471442,1.25132015591501e-12
"MRTFA","PI5Z_8h","PI5Z","8h",-1.00395034764621,1.10723591677069e-17
"MSH2","PI5Z_24h","PI5Z","24h",1.08980753751215,4.15348258193912e-13
"MSH6","PI5Z_24h","PI5Z","24h",1.21214718007567,5.98768864701087e-15
"MSMB","PI5Z_24h","PI5Z","24h",1.15342047232691,0.0126683701197649
"MSN","PI5Z_24h","PI5Z","24h",1.00455040595612,2.73529013272797e-12
"MSS51","PI5Z_4h","PI5Z","4h",1.03153233037606,0.0156128452380521
"MST1P2","PI5Z_8h","PI5Z","8h",1.5945024117184,0.00835639597366175
"MSTO2P","PI5Z_8h","PI5Z","8h",-1.4675238081621,0.00318277692838362
"MTARC1","PI5Z_24h","PI5Z","24h",1.11430433145486,2.11547930510314e-11
"MTERF3","PI5Z_8h","PI5Z","8h",-1.04511525481924,2.3390825784997e-12
"MTFP1","PI5Z_8h","PI5Z","8h",-1.02432185844301,1.57299457218854e-11
"MTHFD1L","PI5Z_8h","PI5Z","8h",-1.23994697436521,8.3657498585921e-10
"MTHFD1L","PI5Z_24h","PI5Z","24h",-1.09912651579746,7.52934395625025e-09
"MTUS1","PI5Z_4h","PI5Z","4h",1.69543485924488,7.74593273592689e-22
"MTUS1","PI5Z_8h","PI5Z","8h",1.07446208649152,1.1146065256602e-14
"MUC4","PI5Z_8h","PI5Z","8h",1.88574132410437,0.0031464565322754
"MUC4","PI5Z_24h","PI5Z","24h",1.44026764421913,0.0097453347570085
"MVP","PI5Z_8h","PI5Z","8h",1.10093522369124,1.56587943543342e-13
"MVP","PI5Z_24h","PI5Z","24h",1.32975715741044,2.15329969896113e-16
"MYL6","PI5Z_24h","PI5Z","24h",1.06812326093162,8.0630362012163e-15
"MYLK2","PI5Z_4h","PI5Z","4h",-1.20967256568995,0.00714592116154839
"MYO7A","PI5Z_8h","PI5Z","8h",1.30745788725849,1.72820544230491e-08
"NAA15","PI5Z_8h","PI5Z","8h",-1.43258464390431,7.09148226314241e-19
"NAALADL2","PI5Z_8h","PI5Z","8h",1.0994234754491,0.0340110191628857
"NADK2","PI5Z_8h","PI5Z","8h",1.03967353350685,5.36788524346409e-18
"NAIP","PI5Z_8h","PI5Z","8h",1.0316146664714,0.00012872605745902
"NAPA-AS1","PI5Z_8h","PI5Z","8h",1.39584212700008,0.000210799465896678
"NCS1","PI5Z_8h","PI5Z","8h",-1.26909346078646,8.88758742495171e-14
"NDUFAF4","PI5Z_4h","PI5Z","4h",-1.16411518073656,1.47336322175805e-12
"NDUFAF4","PI5Z_8h","PI5Z","8h",-1.33722328847857,1.00432739714405e-14
"NES","PI5Z_4h","PI5Z","4h",-1.03777747702453,1.6932187199123e-06
"NES","PI5Z_8h","PI5Z","8h",-1.42831802793994,5.12374121810217e-10
"NFKBIL1","PI5Z_24h","PI5Z","24h",-1.02901791489287,3.00609853424686e-09
"NICN1","PI5Z_24h","PI5Z","24h",1.01054843725005,2.60941253022561e-05
"NIFK","PI5Z_4h","PI5Z","4h",-1.22804464534431,5.23337709196273e-14
"NIFK","PI5Z_8h","PI5Z","8h",-1.12546487787011,2.86392912539115e-13
"NIP7","PI5Z_4h","PI5Z","4h",-1.36566307430029,3.28469247692919e-18
"NIP7","PI5Z_8h","PI5Z","8h",-1.34893046404359,4.75402210855847e-18
"NIPAL3","PI5Z_4h","PI5Z","4h",1.03780775246038,2.19720000702763e-11
"NIPAL3","PI5Z_8h","PI5Z","8h",1.35122186175631,2.31426013240076e-17
"NKAPP1","PI5Z_8h","PI5Z","8h",1.02225818080092,0.00579159467793384
"NME1","PI5Z_8h","PI5Z","8h",-1.29388890966662,1.75846628582244e-16
"NME1-NME2","PI5Z_8h","PI5Z","8h",-2.79403317241194,0.0333006776737967
"NOL6","PI5Z_8h","PI5Z","8h",-1.39568112152738,6.68854968170658e-21
"NOLC1","PI5Z_8h","PI5Z","8h",-1.43825930989213,6.68854968170658e-21
"NOP56","PI5Z_8h","PI5Z","8h",-1.03160957292554,9.47274416553449e-18
"NOP56P1","PI5Z_8h","PI5Z","8h",-1.15099659762337,1.11849749808349e-06
"NOP58","PI5Z_8h","PI5Z","8h",-1.20215895987124,9.28932735460409e-16
"NOXO1","PI5Z_24h","PI5Z","24h",1.17578910807548,0.000533178946161672
"NPIPB2","PI5Z_24h","PI5Z","24h",-1.40091546085334,0.0254271445013937
"NPY4R","PI5Z_8h","PI5Z","8h",1.12737131072909,0.0136938689841372
"NPY4R","PI5Z_24h","PI5Z","24h",1.10086980805141,0.0229178154912637
"NR1D2","PI5Z_4h","PI5Z","4h",1.10025405136196,3.30844801138297e-08
"NR4A3","PI5Z_4h","PI5Z","4h",-1.01132087967785,0.0316260498653043
"NRBP2","PI5Z_24h","PI5Z","24h",1.30082161604525,2.07584132285943e-09
"NREP","PI5Z_24h","PI5Z","24h",1.06018905005596,0.000287148087762035
"NSFP1","PI5Z_2h","PI5Z","2h",-2.18915265113416,0.0408587390492491
"NT5DC2","PI5Z_24h","PI5Z","24h",1.0504732564824,2.48058874759737e-08
"NT5M","PI5Z_24h","PI5Z","24h",1.1005275293311,0.00018114527059268
"NTMT1","PI5Z_8h","PI5Z","8h",-1.01922026547619,7.21601738648278e-17
"NUDT8","PI5Z_24h","PI5Z","24h",1.05807997797668,4.49757143257406e-08
"NUP58","PI5Z_8h","PI5Z","8h",-1.05375923730042,2.00282054890268e-19
"ODAD1","PI5Z_8h","PI5Z","8h",1.06405787130864,0.0341996852826751
"ODC1-DT","PI5Z_24h","PI5Z","24h",-1.24494383583471,9.67674526343029e-06
"ODF2","PI5Z_24h","PI5Z","24h",-1.10549092391638,5.38676446301625e-20
"OGDHL","PI5Z_8h","PI5Z","8h",1.17312163226403,5.58753961651157e-06
"OGFOD1","PI5Z_8h","PI5Z","8h",-1.12713076858961,1.13100278774218e-16
"OLAH","PI5Z_24h","PI5Z","24h",-2.4302564614447,0.00802817440473801
"OPRD1","PI5Z_24h","PI5Z","24h",-1.0801908624162,0.030154694102388
"OR5BA1P","PI5Z_24h","PI5Z","24h",-1.06735547924994,0.011534215353915
"ORC1","PI5Z_24h","PI5Z","24h",1.20294171041927,3.46741473860245e-07
"ORC6","PI5Z_8h","PI5Z","8h",-1.03811594952036,2.7912844650941e-11
"OSCP1","PI5Z_8h","PI5Z","8h",1.27561054973694,2.52472201805907e-11
"P2RY11","PI5Z_4h","PI5Z","4h",-1.08883084585568,2.89937900574148e-06
"PA2G4","PI5Z_8h","PI5Z","8h",-1.10939771756067,1.42235910105596e-17
"PABIR3","PI5Z_4h","PI5Z","4h",1.12198547016349,1.09863319513204e-06
"PALM2AKAP2","PI5Z_24h","PI5Z","24h",1.12866607055436,6.93896342210779e-07
"PAN2","PI5Z_8h","PI5Z","8h",1.22352002879414,1.55848287194134e-15
"PAPLN","PI5Z_24h","PI5Z","24h",1.78056638626472,1.76632915496714e-15
"PARP14","PI5Z_8h","PI5Z","8h",1.03893665771674,2.74997513511971e-16
"PBX1","PI5Z_4h","PI5Z","4h",1.11314252650123,4.51513440788673e-11
"PBX1","PI5Z_8h","PI5Z","8h",1.46769653590766,3.65955118299892e-17
"PCAT1","PI5Z_24h","PI5Z","24h",-1.8621594038947,0.000107894742458801
"PCBP4","PI5Z_8h","PI5Z","8h",-1.0713658076522,1.61890830483455e-16
"PCDHB16","PI5Z_4h","PI5Z","4h",1.11067960884565,0.0129609164258081
"PCDHB3","PI5Z_4h","PI5Z","4h",1.36226097238758,0.0187329683248179
"PCDHGA9","PI5Z_8h","PI5Z","8h",1.90142083392528,0.023394102410169
"PCDHGB2","PI5Z_24h","PI5Z","24h",1.20335903393584,0.0162173131157809
"PCDHGB3","PI5Z_8h","PI5Z","8h",1.80847450836598,0.0201719168213884
"PCSK4","PI5Z_8h","PI5Z","8h",1.20379165681558,1.34995280025198e-06
"PCSK6","PI5Z_24h","PI5Z","24h",1.00589494521874,2.61910779912146e-24
"PCYT2","PI5Z_24h","PI5Z","24h",1.14277514228761,2.80919917530338e-11
"PDCD11","PI5Z_8h","PI5Z","8h",-1.01855507218146,4.71973717377947e-17
"PDCL3","PI5Z_8h","PI5Z","8h",-1.08525000964034,2.1309394229137e-13
"PDF","PI5Z_8h","PI5Z","8h",-1.2900188292664,4.03179010241981e-11
"PDP1","PI5Z_8h","PI5Z","8h",1.12829563825497,1.6053292421984e-15
"PDSS1","PI5Z_8h","PI5Z","8h",-1.18669841730254,1.74147525871787e-13
"PEA15","PI5Z_8h","PI5Z","8h",-1.03515777780931,8.50679818098171e-14
"PER1","PI5Z_24h","PI5Z","24h",-1.2300970389112,0.00273253948432312
"PEX11G","PI5Z_4h","PI5Z","4h",2.46006125027402,0.00754102243832218
"PEX11G","PI5Z_8h","PI5Z","8h",1.71628554314102,0.00923373494561004
"PFDN2","PI5Z_24h","PI5Z","24h",-1.33323779266911,4.24031522414252e-19
"PGAM5","PI5Z_8h","PI5Z","8h",-1.15239388364849,4.16477330547581e-16
"PGAP3","PI5Z_24h","PI5Z","24h",1.02934067687403,4.22925130645199e-12
"PGM1","PI5Z_24h","PI5Z","24h",1.09143446435693,4.32801806131055e-11
"PHF7","PI5Z_8h","PI5Z","8h",1.20776414812736,8.10851321736947e-09
"PHLDA2","PI5Z_1h","PI5Z","1h",-1.0984769586054,7.45302149559853e-08
"PHLDA2","PI5Z_2h","PI5Z","2h",-1.8651961992462,5.60168192636093e-14
"PHLDA2","PI5Z_4h","PI5Z","4h",-2.11121160712316,2.25325894547848e-16
"PHLDA2","PI5Z_8h","PI5Z","8h",-1.66432914936323,1.56265881713984e-14
"PI3","PI5Z_24h","PI5Z","24h",2.11187712920995,6.26292108524059e-09
"PI4K2B","PI5Z_24h","PI5Z","24h",1.22188974957501,6.38738818033855e-16
"PIGV","PI5Z_8h","PI5Z","8h",1.03929443935264,7.87597679797438e-12
"PIGZ","PI5Z_8h","PI5Z","8h",1.65057382011045,9.79615410944223e-05
"PINCR","PI5Z_24h","PI5Z","24h",-1.42839577841296,6.58441518712915e-05
"PITPNC1","PI5Z_8h","PI5Z","8h",1.0182208889262,6.59802286788065e-09
"PIWIL4","PI5Z_24h","PI5Z","24h",1.20503572503108,1.15636745015382e-10
"PKD1L2","PI5Z_2h","PI5Z","2h",1.12186015018433,0.00228425556904233
"PKD1L2","PI5Z_4h","PI5Z","4h",1.61284695655185,7.31467771457513e-08
"PKD1L2","PI5Z_8h","PI5Z","8h",2.03040390752705,6.96590764014784e-12
"PKD1L2","PI5Z_24h","PI5Z","24h",1.23190608796819,0.000121576616137199
"PKDCC","PI5Z_24h","PI5Z","24h",1.26915148525004,1.41177257833146e-15
"PLA2G2A","PI5Z_24h","PI5Z","24h",1.02477342792062,7.41279757914113e-08
"PLA2G4C","PI5Z_8h","PI5Z","8h",1.22036849981497,6.27441656285384e-06
"PLA2R1","PI5Z_24h","PI5Z","24h",1.44356031354071,7.67748204595764e-09
"PLAG1","PI5Z_2h","PI5Z","2h",1.31425557356022,2.02931798731106e-12
"PLAG1","PI5Z_4h","PI5Z","4h",1.51238503185376,5.94736975147866e-16
"PLCXD2","PI5Z_24h","PI5Z","24h",-1.05218984595556,4.19020559425893e-08
"PLD5P1","PI5Z_4h","PI5Z","4h",1.04070212463575,0.00715519190125949
"PLEKHA5","PI5Z_4h","PI5Z","4h",1.10473881598526,1.67558160404003e-17
"PLEKHB1","PI5Z_24h","PI5Z","24h",1.19447359485409,5.31172061377025e-11
"PLEKHG1","PI5Z_8h","PI5Z","8h",-1.07413012624203,1.46339029522322e-10
"PLPP3","PI5Z_24h","PI5Z","24h",1.07003806377889,2.75717677582864e-11
"PMF1-BGLAP","PI5Z_8h","PI5Z","8h",-1.06405736609822,0.0439534226488763
"PNP","PI5Z_4h","PI5Z","4h",-1.45237325381717,4.13241733472208e-15
"PNPLA7","PI5Z_8h","PI5Z","8h",1.30667254135272,2.11502292758231e-06
"PNPT1","PI5Z_8h","PI5Z","8h",-1.13802169690757,1.42235910105596e-17
"POLE3","PI5Z_8h","PI5Z","8h",-1.11430432975205,3.80322137083625e-16
"POLN","PI5Z_8h","PI5Z","8h",1.18316463782799,0.00296805519733203
"POLN","PI5Z_24h","PI5Z","24h",1.04394128460526,0.0281196429569487
"POLR1B","PI5Z_4h","PI5Z","4h",-1.17090319553756,2.36736077293544e-16
"POLR1B","PI5Z_8h","PI5Z","8h",-1.25428561222632,4.1924652194716e-18
"POLR2J3","PI5Z_24h","PI5Z","24h",1.08732184368902,4.97717691446553e-08
"POLR2J4","PI5Z_8h","PI5Z","8h",1.60816666742461,0.0149106524998352
"POLR3E","PI5Z_8h","PI5Z","8h",-1.065431675909,3.13297282672908e-19
"POM121B","PI5Z_24h","PI5Z","24h",4.58566137362482,0.0377932965420033
"POP1","PI5Z_4h","PI5Z","4h",-1.10090715891272,4.54719507417292e-10
"POU5F1","PI5Z_24h","PI5Z","24h",1.12775839925176,0.00361985148491482
"PPFIA4","PI5Z_24h","PI5Z","24h",1.06920166828622,0.00056252260061028
"PPFIBP2","PI5Z_4h","PI5Z","4h",1.369395853787,1.27926095001294e-16
"PPFIBP2","PI5Z_8h","PI5Z","8h",1.05799408889501,5.00356359252449e-14
"PPIF","PI5Z_4h","PI5Z","4h",-1.0331497093444,1.38849670865102e-13
"PPM1N","PI5Z_24h","PI5Z","24h",1.16838301080284,1.69237301033624e-07
"PPOX","PI5Z_8h","PI5Z","8h",1.00992127825116,2.16077127541583e-09
"PPP1R14BP3","PI5Z_8h","PI5Z","8h",-1.10068109535403,9.24126079457524e-10
"PPP1R26-AS1","PI5Z_8h","PI5Z","8h",1.27832384248411,1.25838474198909e-11
"PPT2-EGFL8","PI5Z_4h","PI5Z","4h",1.82089282581082,0.0183196695676466
"PRAP1","PI5Z_24h","PI5Z","24h",2.42186020007767,0.0317528136905137
"PRB3","PI5Z_8h","PI5Z","8h",-1.05113522013776,0.0297464604922696
"PRDX2","PI5Z_24h","PI5Z","24h",1.28292138317953,6.0721786586334e-16
"PREX1","PI5Z_4h","PI5Z","4h",1.07072013056517,0.00645770799805417
"PRKCH","PI5Z_8h","PI5Z","8h",1.62224584786448,0.000426888918076423
"PRKG2","PI5Z_24h","PI5Z","24h",-1.36456136291286,0.000111722771177475
"PRMT7","PI5Z_24h","PI5Z","24h",1.09101073653233,8.40947274093277e-14
"PROCA1","PI5Z_4h","PI5Z","4h",1.14980358725668,0.00144005516195695
"PROCA1","PI5Z_8h","PI5Z","8h",1.25814171824863,1.88933849325916e-05
"PRORSD1P","PI5Z_2h","PI5Z","2h",1.06218933820526,0.0496507234759275
"PROSER1","PI5Z_24h","PI5Z","24h",-1.01152301352433,9.64894254435972e-19
"PRR19","PI5Z_24h","PI5Z","24h",1.49783179970353,7.83993505292482e-08
"PRR5","PI5Z_4h","PI5Z","4h",1.05047373818816,1.68933022631836e-14
"PRR5","PI5Z_8h","PI5Z","8h",1.18474233277635,2.31651698893024e-17
"PSMB10","PI5Z_24h","PI5Z","24h",1.03901392816499,1.2185662625305e-13
"PSMB8-AS1","PI5Z_4h","PI5Z","4h",1.20273205810282,1.91549363068854e-06
"PSMB8-AS1","PI5Z_8h","PI5Z","8h",1.41949756847132,3.68933996380669e-09
"PTCHD4","PI5Z_24h","PI5Z","24h",-1.21761774903643,0.00930419071165086
"PTOV1","PI5Z_24h","PI5Z","24h",1.19309441231289,2.40283082077189e-15
"PTPDC1","PI5Z_24h","PI5Z","24h",-1.03206098543906,2.06891620660026e-09
"PTPN12","PI5Z_24h","PI5Z","24h",-1.3007268776708,1.76130135237415e-18
"PTPN22","PI5Z_8h","PI5Z","8h",1.48693547414175,0.00105012434111618
"PTRH2","PI5Z_4h","PI5Z","4h",-1.14191760284533,8.14234170439996e-13
"PUS1","PI5Z_4h","PI5Z","4h",-1.05790079914391,4.09073337560947e-13
"PUS1","PI5Z_8h","PI5Z","8h",-1.25486039770282,4.13002653845915e-16
"PUS7","PI5Z_8h","PI5Z","8h",-1.42549919722314,9.21350857248028e-17
"PVR","PI5Z_4h","PI5Z","4h",-1.18522909040839,2.09937504568255e-14
"PVR","PI5Z_8h","PI5Z","8h",-1.06313744167677,4.12945088507171e-13
"PWWP3B","PI5Z_24h","PI5Z","24h",1.16213201251994,0.000659108308409376
"PYCR3","PI5Z_8h","PI5Z","8h",-1.02450307365252,1.22899160125803e-09
"R3HDM2","PI5Z_8h","PI5Z","8h",1.00104654111368,1.92311901688665e-07
"RAB27B","PI5Z_4h","PI5Z","4h",1.04519806216338,9.651974073518e-14
"RAB40B","PI5Z_8h","PI5Z","8h",1.16670097788788,1.14259723392727e-14
"RAB7B","PI5Z_8h","PI5Z","8h",-1.28498077851075,4.59357784777468e-05
"RAB9B","PI5Z_8h","PI5Z","8h",-2.28899085147138,0.00324431563346672
"RAD51-AS1","PI5Z_8h","PI5Z","8h",1.42690942076225,1.50558144242535e-09
"RANBP1","PI5Z_8h","PI5Z","8h",-1.05195204485904,3.2204331969513e-16
"RAP2C-AS1","PI5Z_8h","PI5Z","8h",1.13557791976428,0.00236871209914015
"RAPGEF3","PI5Z_24h","PI5Z","24h",-1.30314001895865,1.47832218002017e-06
"RARA","PI5Z_4h","PI5Z","4h",-1.00944081275281,1.76153048727778e-10
"RASA4B","PI5Z_8h","PI5Z","8h",1.63770181510608,0.00106901368967642
"RASGEF1B","PI5Z_2h","PI5Z","2h",1.08772012410169,1.4722423300856e-10
"RASGRP3","PI5Z_24h","PI5Z","24h",-1.92228163612021,1.55799605020744e-18
"RASSF9","PI5Z_24h","PI5Z","24h",-1.17613555139086,0.00883384250573065
"RBBP4P1","PI5Z_24h","PI5Z","24h",1.2104128629957,0.00291333299254021
"RBFADN","PI5Z_8h","PI5Z","8h",1.0190168069604,0.0286106532641154
"RBKS","PI5Z_8h","PI5Z","8h",1.0131925665991,0.00146803175845144
"RBM12","PI5Z_4h","PI5Z","4h",-1.0577197496797,1.88542701526841e-12
"RBM43","PI5Z_4h","PI5Z","4h",1.12336648936925,3.54877346545292e-06
"RCL1","PI5Z_8h","PI5Z","8h",-1.08306812818501,5.36291991689328e-14
"RENO1","PI5Z_24h","PI5Z","24h",1.04287477065802,0.00056798405940417
"RFX3","PI5Z_4h","PI5Z","4h",1.14875092973764,6.22167122294831e-07
"RGL1","PI5Z_24h","PI5Z","24h",-1.17735310207633,1.84017897739362e-05
"RGPD1","PI5Z_2h","PI5Z","2h",-1.24073468970078,0.0391733930716638
"RGS5","PI5Z_24h","PI5Z","24h",-1.48076837584416,0.000687597432060556
"RHEBP2","PI5Z_4h","PI5Z","4h",3.00138077391562,0.0165057719747819
"RHOU","PI5Z_4h","PI5Z","4h",1.41550760266252,8.61937636731849e-10
"RIBC1","PI5Z_4h","PI5Z","4h",1.00872312188267,0.0316246036448348
"RIBC1","PI5Z_8h","PI5Z","8h",1.18089508774989,0.0068829020659563
"RIOX2","PI5Z_8h","PI5Z","8h",-1.22582098401706,8.30655696446626e-16
"RMI2","PI5Z_4h","PI5Z","4h",1.03888024272813,9.52656755065892e-11
"RMI2","PI5Z_24h","PI5Z","24h",1.00836871473697,3.34305723485065e-11
"RNASE10","PI5Z_24h","PI5Z","24h",-1.03916451292431,0.000140206988034766
"RNF103","PI5Z_4h","PI5Z","4h",1.03051657044796,4.48491322462154e-13
"RNF122","PI5Z_4h","PI5Z","4h",1.3437857177892,2.83171092430259e-06
"RNF213-AS1","PI5Z_8h","PI5Z","8h",1.10198014375326,0.00246481413690403
"RNF41","PI5Z_24h","PI5Z","24h",-1.05975391716614,4.36106865852718e-11
"ROM1","PI5Z_24h","PI5Z","24h",-1.31026063817937,0.0158129982725353
"RPA2","PI5Z_24h","PI5Z","24h",1.01071822516336,1.7570669698363e-12
"RPL7P32","PI5Z_4h","PI5Z","4h",3.17978862473161,0.0349755951970062
"RPP40","PI5Z_8h","PI5Z","8h",-1.22928333674205,6.16112118586825e-13
"RRP15","PI5Z_8h","PI5Z","8h",-1.47643975581591,1.79882766160603e-19
"RRP9","PI5Z_8h","PI5Z","8h",-1.24800581819876,8.20657984000977e-17
"RUNX2","PI5Z_4h","PI5Z","4h",1.00693094658212,0.0204064585748488
"RUNX2","PI5Z_24h","PI5Z","24h",1.49544272527007,0.00189874240245482
"RWDD4P2","PI5Z_8h","PI5Z","8h",4.35649989688414,0.04270401736349
"RYR3","PI5Z_8h","PI5Z","8h",1.52886353419916,0.0270059917102231
"S100A10","PI5Z_24h","PI5Z","24h",1.11306789067004,8.79287891681385e-14
"S100A9","PI5Z_24h","PI5Z","24h",-2.96643493707971,0.00711400951863329
"S1PR3","PI5Z_4h","PI5Z","4h",-1.61981754182895,3.63683922581908e-06
"S1PR3","PI5Z_8h","PI5Z","8h",-1.4707339914492,2.71475028147612e-06
"S1PR3","PI5Z_24h","PI5Z","24h",1.06484172637361,0.00125305824162057
"SARS1","PI5Z_24h","PI5Z","24h",-1.12649042908115,5.4862304688252e-08
"SBF2-AS1","PI5Z_4h","PI5Z","4h",1.00704945996087,8.58590515962921e-06
"SBNO1-AS1","PI5Z_4h","PI5Z","4h",1.67329004985778,4.9319574338554e-05
"SCAND2P","PI5Z_24h","PI5Z","24h",-1.1665868993429,3.3871904995624e-08
"SCGB2B2","PI5Z_8h","PI5Z","8h",1.60263613879921,0.000258562703429736
"SCX","PI5Z_8h","PI5Z","8h",1.10267201723654,0.000199988980139318
"SCX","PI5Z_24h","PI5Z","24h",1.29932836001669,4.87148919962675e-05
"SCYL2","PI5Z_24h","PI5Z","24h",-1.05427982303048,3.76047619165031e-17
"SDC1","PI5Z_8h","PI5Z","8h",-1.23756120569049,3.42890422145394e-18
"SDC3","PI5Z_24h","PI5Z","24h",1.06868847141591,3.48223463047168e-15
"SDF2L1","PI5Z_24h","PI5Z","24h",1.29428624768206,1.01170569592917e-07
"SDHAF4","PI5Z_8h","PI5Z","8h",1.12610553903518,2.43240627877825e-09
"SEMA3F","PI5Z_24h","PI5Z","24h",1.15566522011108,1.11521042353932e-09
"SEMA5A","PI5Z_24h","PI5Z","24h",1.2839255698556,1.72042114467007e-11
"SENP3-EIF4A1","PI5Z_8h","PI5Z","8h",-1.33701488103609,0.00371720390966332
"SENP8","PI5Z_4h","PI5Z","4h",1.50441692862392,4.26402728878953e-09
"SERINC5","PI5Z_4h","PI5Z","4h",1.00998469512452,2.35595664065872e-19
"SERINC5","PI5Z_8h","PI5Z","8h",1.08628584418346,6.68854968170658e-21
"SERPIND1","PI5Z_8h","PI5Z","8h",-1.40814202972708,0.019566283622203
"SERPING1","PI5Z_24h","PI5Z","24h",1.12972887252093,3.97381380674989e-06
"SERPINI1","PI5Z_8h","PI5Z","8h",1.07620123242653,0.00365844506920718
"SESTD1","PI5Z_24h","PI5Z","24h",1.1614959568307,5.91402029228419e-14
"SETBP1","PI5Z_4h","PI5Z","4h",1.1873085728524,0.00347707693591738
"SETBP1","PI5Z_24h","PI5Z","24h",-1.35984656331805,0.00234833156826515
"SFT2D3","PI5Z_4h","PI5Z","4h",1.03227194578866,1.4001268282774e-10
"SGCB","PI5Z_24h","PI5Z","24h",1.0059295513005,6.77103332122154e-17
"SGK1","PI5Z_8h","PI5Z","8h",-1.27930043435197,1.42680668676071e-10
"SH2B3","PI5Z_24h","PI5Z","24h",-1.28891086853484,0.000142023298175887
"SH2D2A","PI5Z_24h","PI5Z","24h",-1.30608521142363,3.08592133470172e-07
"SH2D5","PI5Z_24h","PI5Z","24h",1.36667265615257,9.07942909138678e-07
"SH3BP5-AS1","PI5Z_8h","PI5Z","8h",1.05504746156418,0.000884931165571956
"SH3GL1P1","PI5Z_4h","PI5Z","4h",1.08261657321307,0.0365525049642465
"SH3GL1P1","PI5Z_8h","PI5Z","8h",1.53710771156923,0.0035180205531094
"SHD","PI5Z_4h","PI5Z","4h",-1.02184515768502,0.0492111475285876
"SHISA9","PI5Z_4h","PI5Z","4h",1.55527342256595,0.0443341359051469
"SHLD2P3","PI5Z_4h","PI5Z","4h",4.39966855654927,0.0135355914008835
"SIRT4","PI5Z_4h","PI5Z","4h",1.03198507941556,0.0293987898183097
"SLC17A5","PI5Z_24h","PI5Z","24h",1.29825904995179,1.98665521661687e-15
"SLC17A7","PI5Z_8h","PI5Z","8h",1.39408616053553,8.75124246668833e-07
"SLC19A1","PI5Z_8h","PI5Z","8h",-1.22456197474103,9.33406792923654e-14
"SLC1A5","PI5Z_8h","PI5Z","8h",-1.56573479546729,8.15447414966972e-09
"SLC20A1","PI5Z_8h","PI5Z","8h",-1.08443115203499,1.88480595331964e-17
"SLC22A18","PI5Z_8h","PI5Z","8h",1.04147170758754,2.87928909896591e-10
"SLC22A20P","PI5Z_4h","PI5Z","4h",-1.16804029946873,0.0022527979892565
"SLC23A2","PI5Z_8h","PI5Z","8h",1.06035061599048,1.53431978661604e-19
"SLC25A15","PI5Z_4h","PI5Z","4h",-1.0526419183722,1.66411150974377e-13
"SLC25A15","PI5Z_8h","PI5Z","8h",-1.48584559646904,1.79882766160603e-19
"SLC25A19","PI5Z_8h","PI5Z","8h",-1.17326696303566,5.4363699728711e-10
"SLC25A22","PI5Z_8h","PI5Z","8h",-1.46664103650381,2.16941414496365e-17
"SLC25A29","PI5Z_24h","PI5Z","24h",1.27742928756049,3.20380662319816e-11
"SLC25A32","PI5Z_8h","PI5Z","8h",-1.54341283400058,1.79411464269037e-06
"SLC26A6","PI5Z_24h","PI5Z","24h",1.0892261523135,1.46433023186982e-09
"SLC29A1","PI5Z_8h","PI5Z","8h",-1.44435322422503,1.15168005225333e-14
"SLC35F2","PI5Z_8h","PI5Z","8h",-1.057130872875,4.70125176563105e-18
"SLC44A2","PI5Z_24h","PI5Z","24h",1.02824321060127,3.95482060001389e-12
"SLC45A3","PI5Z_4h","PI5Z","4h",-1.01850976246004,2.13614849398766e-13
"SLC5A3","PI5Z_8h","PI5Z","8h",1.08724927208068,7.47596780039793e-08
"SLC7A1","PI5Z_8h","PI5Z","8h",-1.42487986198036,4.56135101733813e-07
"SLC7A1","PI5Z_24h","PI5Z","24h",-1.02038773077484,0.000123711237933652
"SLC8A1","PI5Z_4h","PI5Z","4h",1.07646417956613,0.00378409740052964
"SLC8A1","PI5Z_8h","PI5Z","8h",1.3186564344974,0.000418122496288752
"SLC9A2","PI5Z_4h","PI5Z","4h",-1.18945596270828,1.61607295228007e-09
"SLC9A2","PI5Z_8h","PI5Z","8h",-1.1863188508548,2.43497177531906e-10
"SLCO1B3-SLCO1B7","PI5Z_24h","PI5Z","24h",-3.78532329736468,0.0134645084303655
"SLCO1B7","PI5Z_2h","PI5Z","2h",3.58025025755383,0.0299132018891081
"SLCO3A1","PI5Z_24h","PI5Z","24h",1.09213080121879,8.18362351394501e-15
"SLX1A-SULT1A3","PI5Z_4h","PI5Z","4h",-1.06850325919778,0.00485315073033129
"SMAD6","PI5Z_4h","PI5Z","4h",-1.21874561530478,2.64788723334776e-07
"SMAD6","PI5Z_8h","PI5Z","8h",-1.06582613759898,9.88143061959951e-08
"SMCHD1","PI5Z_8h","PI5Z","8h",-1.03153985154449,2.56262491253345e-10
"SMG1P5","PI5Z_24h","PI5Z","24h",-1.00165955725139,0.000411855357854655
"SMIM11B","PI5Z_8h","PI5Z","8h",-3.23570523824011,0.000537125579931668
"SMIM19","PI5Z_8h","PI5Z","8h",1.20948962892642,6.4090811528332e-08
"SMIM2-AS1","PI5Z_24h","PI5Z","24h",-1.09960737129263,0.000397018487295686
"SNHG12","PI5Z_8h","PI5Z","8h",-1.05147604289421,1.20905508542855e-08
"SORBS2","PI5Z_8h","PI5Z","8h",1.2877700158144,1.55575422446321e-09
"SORCS2","PI5Z_24h","PI5Z","24h",-1.78237909635656,7.08926002277475e-05
"SORL1","PI5Z_8h","PI5Z","8h",1.08806490656845,1.88480595331964e-17
"SPACA6","PI5Z_2h","PI5Z","2h",-1.23122378072402,7.3347003683488e-05
"SPATA17","PI5Z_24h","PI5Z","24h",1.36757362819801,7.72449709983983e-05
"SPATA2L","PI5Z_4h","PI5Z","4h",-1.27666686037152,2.64512858048004e-13
"SPATA7","PI5Z_4h","PI5Z","4h",1.03478422428844,1.4849586572179e-12
"SPNS3","PI5Z_8h","PI5Z","8h",1.03882288572271,0.0202662340870041
"SPP1","PI5Z_24h","PI5Z","24h",2.12431434102015,0.00137188567706487
"SPTLC2","PI5Z_8h","PI5Z","8h",1.15409892781331,1.38832965994444e-18
"SPTLC2","PI5Z_24h","PI5Z","24h",1.24668639763928,1.03168012419456e-19
"SRF","PI5Z_4h","PI5Z","4h",-1.24735274500424,3.78705069908696e-14
"SRFBP1","PI5Z_8h","PI5Z","8h",-1.0641828237949,6.74229038448038e-12
"SRGAP2B","PI5Z_24h","PI5Z","24h",-1.23588279109176,1.20509483326917e-12
"SRGAP2C","PI5Z_24h","PI5Z","24h",-1.03461320992728,6.88235485371888e-10
"SRM","PI5Z_8h","PI5Z","8h",-1.48285540505955,5.75149084089939e-18
"SRP14-AS1","PI5Z_8h","PI5Z","8h",1.51990381255141,4.11291190094012e-05
"SRPRB","PI5Z_8h","PI5Z","8h",-1.14764978724567,1.97430888788158e-17
"SRSF2","PI5Z_8h","PI5Z","8h",-1.02034070190315,2.14321586524218e-14
"SRSF7","PI5Z_4h","PI5Z","4h",-1.4314716746864,3.1951904823216e-14
"SRSF7","PI5Z_8h","PI5Z","8h",-1.29594144806171,2.15825591764767e-13
"SSPOP","PI5Z_24h","PI5Z","24h",1.478846936074,0.00219119778900763
"SSR4P1","PI5Z_4h","PI5Z","4h",1.21767667148357,4.83078440346428e-07
"SSR4P1","PI5Z_8h","PI5Z","8h",1.30356080943387,4.0129431815449e-09
"STARD5","PI5Z_4h","PI5Z","4h",1.09243922974184,0.000113171730069481
"STAT2","PI5Z_8h","PI5Z","8h",1.04054355944171,4.86495934020812e-14
"STEAP3","PI5Z_24h","PI5Z","24h",1.3726623813227,1.23869633180479e-14
"STK40","PI5Z_24h","PI5Z","24h",-1.10061735547643,2.11085049344926e-13
"STMN3","PI5Z_24h","PI5Z","24h",1.77877861170591,3.81877373137699e-11
"STXBP6","PI5Z_8h","PI5Z","8h",-1.25343627658962,1.07116966693091e-08
"SULT2B1","PI5Z_24h","PI5Z","24h",1.0325795772173,8.61073651322316e-05
"SYNE4","PI5Z_4h","PI5Z","4h",1.50956847622058,0.00647874871157466
"SYNGR1","PI5Z_24h","PI5Z","24h",1.32634434857062,3.4273085045856e-12
"SYTL2","PI5Z_24h","PI5Z","24h",1.3628295254756,2.01289139282518e-05
"SYTL3","PI5Z_24h","PI5Z","24h",-1.08658721602877,1.54273088779637e-08
"TAF1A-AS1","PI5Z_4h","PI5Z","4h",1.22090933162798,0.00252140929057609
"TANGO6","PI5Z_8h","PI5Z","8h",-1.09602774712075,1.51452062132254e-22
"TAPBP","PI5Z_24h","PI5Z","24h",1.26348780135768,4.41024067614706e-20
"TAPBPL","PI5Z_24h","PI5Z","24h",1.60373215060218,0.0132347294432651
"TAPT1-AS1","PI5Z_8h","PI5Z","8h",1.01190177858501,0.00998615751242956
"TARS1","PI5Z_8h","PI5Z","8h",-1.01465444963867,1.20679741994262e-06
"TAS2R14","PI5Z_8h","PI5Z","8h",-1.09885526813811,0.0488906090714354
"TAS2R14","PI5Z_24h","PI5Z","24h",-1.1120260981269,0.017182782655227
"TBC1D17","PI5Z_4h","PI5Z","4h",1.13301091555236,4.00883356292463e-15
"TBC1D17","PI5Z_8h","PI5Z","8h",1.22483331260522,1.88480595331964e-17
"TBC1D29P","PI5Z_8h","PI5Z","8h",1.10736663810828,0.00704547316327306
"TBC1D3B","PI5Z_8h","PI5Z","8h",1.27368148943929,1.44707721539795e-07
"TBC1D4","PI5Z_8h","PI5Z","8h",1.22057868020202,3.8577513023244e-17
"TBC1D9","PI5Z_4h","PI5Z","4h",1.05415169744414,0.000537161819629024
"TBX19","PI5Z_8h","PI5Z","8h",1.08920742547226,1.97963708942064e-06
"TCEANC","PI5Z_4h","PI5Z","4h",1.16476721008861,0.00119904386490674
"TCF12","PI5Z_24h","PI5Z","24h",-1.02444689156546,3.50065133144325e-10
"TCOF1","PI5Z_8h","PI5Z","8h",-1.02535782448706,5.07538484942394e-15
"TEC","PI5Z_4h","PI5Z","4h",1.03978556678514,2.35593725876949e-07
"TEF","PI5Z_24h","PI5Z","24h",-1.01186022445419,3.50417700474947e-05
"TEX19","PI5Z_4h","PI5Z","4h",1.59312149507832,7.17604947432067e-11
"TFAP2A-AS1","PI5Z_4h","PI5Z","4h",1.21779175192673,0.0202592716083737
"TFDP2","PI5Z_4h","PI5Z","4h",1.09552856816583,1.68586542327521e-14
"TFDP2","PI5Z_8h","PI5Z","8h",1.02815652798769,1.89606267258277e-14
"THAP2","PI5Z_24h","PI5Z","24h",-1.18150950261038,1.60766285419987e-06
"TIAF1","PI5Z_8h","PI5Z","8h",1.21620073348772,0.000383006048263418
"TIMM23B","PI5Z_8h","PI5Z","8h",-1.08121972171344,1.16541016233234e-07
"TIMP2","PI5Z_24h","PI5Z","24h",1.29886602885384,1.56009512989877e-17
"TLCD3A","PI5Z_4h","PI5Z","4h",-1.1593016568439,3.06923511890838e-13
"TLR5","PI5Z_4h","PI5Z","4h",2.2225911936865,0.00114394167029238
"TLR5","PI5Z_8h","PI5Z","8h",1.56052740582405,0.00287580571975326
"TMEM109","PI5Z_8h","PI5Z","8h",-1.09873101865322,3.4556062483633e-12
"TMEM109","PI5Z_24h","PI5Z","24h",1.28468813504571,4.89200799154543e-14
"TMEM132A","PI5Z_24h","PI5Z","24h",1.0756645293772,8.17290984736406e-15
"TMEM150B","PI5Z_4h","PI5Z","4h",1.27415069720576,0.0203096964617566
"TMEM191C","PI5Z_8h","PI5Z","8h",1.035478990138,0.00549687797710082
"TMEM217","PI5Z_24h","PI5Z","24h",-1.09592072545034,0.00156661113065954
"TMEM238","PI5Z_24h","PI5Z","24h",1.07395026664301,0.000103523245563475
"TMEM267","PI5Z_24h","PI5Z","24h",-1.0483932137969,1.45175419501509e-06
"TMEM38A","PI5Z_8h","PI5Z","8h",-1.07985161338835,4.27396662420502e-08
"TMEM45B","PI5Z_8h","PI5Z","8h",1.03275472038067,8.20865044392776e-05
"TMEM80","PI5Z_8h","PI5Z","8h",1.17525445112864,5.1447313008563e-05
"TMEM8B","PI5Z_8h","PI5Z","8h",1.28919746511069,9.79952690111447e-12
"TMEM98","PI5Z_24h","PI5Z","24h",1.03880108561033,4.02928248797245e-18
"TMTC4","PI5Z_24h","PI5Z","24h",1.37736587219023,1.38572470888443e-21
"TNFAIP3","PI5Z_24h","PI5Z","24h",1.02790616600507,0.000502651975011396
"TNFRSF10B","PI5Z_24h","PI5Z","24h",-1.04857467050703,1.77636796666793e-17
"TNKS","PI5Z_4h","PI5Z","4h",1.0169049116282,2.34076502407921e-15
"TOB2P1","PI5Z_24h","PI5Z","24h",-1.35715846834004,0.0156449796146907
"TOLLIP-AS1","PI5Z_4h","PI5Z","4h",1.2292212626676,0.00304860816578057
"TOLLIP-AS1","PI5Z_8h","PI5Z","8h",1.32677378491207,0.000751861780346809
"TOMM40","PI5Z_8h","PI5Z","8h",-1.50826730606311,1.07591899117296e-17
"TOMM5","PI5Z_8h","PI5Z","8h",-1.15155339262675,9.49322747136775e-12
"TP53I11","PI5Z_24h","PI5Z","24h",1.36573970133954,2.50250949372704e-15
"TP53INP1","PI5Z_4h","PI5Z","4h",1.21501320419619,2.68863812886518e-16
"TRABD2A","PI5Z_8h","PI5Z","8h",-1.39188666574758,2.41240616827495e-12
"TRAPPC6A","PI5Z_8h","PI5Z","8h",1.19115094711114,3.56268233729155e-10
"TRIM23","PI5Z_2h","PI5Z","2h",1.01063683618497,9.81214310803597e-11
"TRIM23","PI5Z_4h","PI5Z","4h",1.22870074540912,9.67911917033537e-17
"TRIM31-AS1","PI5Z_4h","PI5Z","4h",-1.00883384390043,0.00586800808161002
"TRIM35","PI5Z_4h","PI5Z","4h",-1.00470242123067,9.94456968515833e-17
"TRIM36","PI5Z_8h","PI5Z","8h",-1.01882317935797,1.55871184753384e-07
"TRIM47","PI5Z_4h","PI5Z","4h",-1.33589533403769,5.74554781495528e-16
"TRIM61","PI5Z_4h","PI5Z","4h",-1.54443026420411,0.0401472520966396
"TRMT6","PI5Z_8h","PI5Z","8h",-1.14577280217384,8.38540840702872e-17
"TRPV1","PI5Z_8h","PI5Z","8h",1.12631884318658,4.05721268467542e-08
"TSC1","PI5Z_4h","PI5Z","4h",1.04070115340475,1.93811090546275e-20
"TSC22D1","PI5Z_24h","PI5Z","24h",-1.02248106799158,9.08139371988804e-14
"TSEN15","PI5Z_24h","PI5Z","24h",-1.44721825847275,1.37491445046527e-10
"TSHZ1","PI5Z_4h","PI5Z","4h",1.29742672933197,2.46510387500709e-10
"TSHZ1","PI5Z_8h","PI5Z","8h",1.00928679483867,1.92979883067224e-07
"TSR1","PI5Z_8h","PI5Z","8h",-1.05492343057172,6.22949645604099e-19
"TSSK6","PI5Z_24h","PI5Z","24h",-1.33473649803351,6.4030326999074e-05
"TTBK2","PI5Z_8h","PI5Z","8h",1.00490466558743,1.83196750634598e-07
"TTC30B","PI5Z_4h","PI5Z","4h",1.11617477321399,6.57391968886901e-08
"TTPA","PI5Z_8h","PI5Z","8h",1.09236877550422,0.000167951702088751
"TUBB3","PI5Z_24h","PI5Z","24h",1.17559767413407,2.27926285330154e-13
"TWNK","PI5Z_4h","PI5Z","4h",-1.20777996289729,1.26254370331349e-12
"TWNK","PI5Z_8h","PI5Z","8h",-1.09399178505859,1.19761074925284e-11
"UBBP4","PI5Z_24h","PI5Z","24h",-1.05627333355333,3.3403722498143e-10
"UBR5-AS1","PI5Z_8h","PI5Z","8h",1.1843437123416,7.47812643249228e-06
"UBR5-AS1","PI5Z_24h","PI5Z","24h",-1.39693998074589,6.64293917243758e-06
"UCK2","PI5Z_8h","PI5Z","8h",-1.36331684941055,1.03611768045425e-18
"UCP3","PI5Z_24h","PI5Z","24h",1.47555337700902,0.00163870388187309
"UNG","PI5Z_8h","PI5Z","8h",-1.07213387567708,3.73987080692587e-13
"UNG","PI5Z_24h","PI5Z","24h",1.29125616016777,4.68853294444622e-18
"UPK3BL2","PI5Z_8h","PI5Z","8h",1.02748494643571,0.00955852697762581
"UPK3BL2","PI5Z_24h","PI5Z","24h",1.19042466394672,0.000416348737164489
"USH1C","PI5Z_24h","PI5Z","24h",1.66992016626416,3.49073862166788e-12
"USP34-DT","PI5Z_24h","PI5Z","24h",-1.44442525168496,0.00064805799080628
"USP6","PI5Z_8h","PI5Z","8h",1.34460446278003,0.000109652798853139
"UTP15","PI5Z_8h","PI5Z","8h",-1.30616314166748,5.50865083726188e-18
"UTP20","PI5Z_8h","PI5Z","8h",-1.1039381327311,1.58045237106628e-12
"UTP4","PI5Z_8h","PI5Z","8h",-1.10953789568847,5.29903169409559e-16
"VASN","PI5Z_4h","PI5Z","4h",1.1632930233801,3.7805319692282e-06
"VASN","PI5Z_8h","PI5Z","8h",1.27302618872677,9.27626908085146e-07
"VASN","PI5Z_24h","PI5Z","24h",1.04258024559935,0.000774777571630491
"VAV1","PI5Z_24h","PI5Z","24h",-1.13954582122635,2.92510344776553e-12
"VEGFB","PI5Z_24h","PI5Z","24h",1.35558900394609,8.24153015223256e-20
"VMAC","PI5Z_4h","PI5Z","4h",1.11163560874966,3.66843408058192e-06
"VPS37D","PI5Z_8h","PI5Z","8h",1.06252588235119,4.16537334283297e-06
"VSIG2","PI5Z_4h","PI5Z","4h",1.05741869870176,0.0324268799751799
"VWA1","PI5Z_24h","PI5Z","24h",1.10196006639924,2.63357342038227e-14
"WASL-DT","PI5Z_2h","PI5Z","2h",1.03578542914033,0.00084416326440362
"WDR19","PI5Z_4h","PI5Z","4h",1.0448665804353,2.93244319813942e-13
"WDR19","PI5Z_8h","PI5Z","8h",1.00400825730862,1.11584227146778e-15
"WDR31","PI5Z_8h","PI5Z","8h",1.11330885565719,3.31885927546945e-07
"WDR43","PI5Z_4h","PI5Z","4h",-1.002668793306,8.89097564994279e-15
"WDR43","PI5Z_8h","PI5Z","8h",-1.12399936688808,8.56032576862886e-17
"WDR62","PI5Z_8h","PI5Z","8h",-1.29212547256762,3.69997974776917e-15
"WDR76","PI5Z_8h","PI5Z","8h",-1.32317590035527,5.99318112786351e-13
"WDR76","PI5Z_24h","PI5Z","24h",1.21106070249882,2.45464655055966e-13
"WDR77","PI5Z_8h","PI5Z","8h",-1.20324029388324,1.82828438460699e-18
"WDR81","PI5Z_24h","PI5Z","24h",1.01943854232762,1.08102604445744e-13
"WDSUB1","PI5Z_4h","PI5Z","4h",1.25375473733372,8.43850419591951e-13
"WFIKKN1","PI5Z_8h","PI5Z","8h",1.74582184949117,4.5902174087106e-06
"WNK4","PI5Z_8h","PI5Z","8h",1.04980302762967,0.0111268175937837
"WNT2B","PI5Z_8h","PI5Z","8h",1.49873333541263,0.00338710320996169
"WNT6","PI5Z_8h","PI5Z","8h",1.16696123480028,4.99956481471296e-10
"XBP1","PI5Z_4h","PI5Z","4h",-1.43573464635085,1.96960055962745e-13
"ZBED5-AS1","PI5Z_8h","PI5Z","8h",1.1584504305302,5.20413345330501e-11
"ZBTB2","PI5Z_8h","PI5Z","8h",-1.06641876011454,7.21601738648278e-17
"ZBTB22","PI5Z_4h","PI5Z","4h",1.24068592859167,2.12525708606558e-16
"ZBTB22","PI5Z_8h","PI5Z","8h",1.1771237875481,1.61326986235925e-17
"ZBTB32","PI5Z_8h","PI5Z","8h",-1.54102040888824,0.00417672726511275
"ZBTB7C","PI5Z_4h","PI5Z","4h",1.51651202796181,4.358842672116e-07
"ZBTB7C","PI5Z_8h","PI5Z","8h",1.18946846193959,6.45024472576195e-05
"ZC2HC1C","PI5Z_2h","PI5Z","2h",1.10465828140872,0.00099084669917883
"ZC3H12D","PI5Z_24h","PI5Z","24h",1.26650262006148,0.000603205422342362
"ZC3HAV1L","PI5Z_4h","PI5Z","4h",-1.06789256752189,4.45703022334282e-07
"ZFAND1","PI5Z_24h","PI5Z","24h",-1.21429545418651,9.41417885541941e-08
"ZFHX2-AS1","PI5Z_2h","PI5Z","2h",1.4198807355602,0.0380106213932873
"ZFP36L1","PI5Z_4h","PI5Z","4h",-1.15774752144599,3.06923511890838e-13
"ZHX1-C8orf76","PI5Z_4h","PI5Z","4h",-1.2151565053823,0.00623853631443105
"ZKSCAN1","PI5Z_4h","PI5Z","4h",1.03065414981795,1.76134913398602e-09
"ZNF137P","PI5Z_8h","PI5Z","8h",1.25454572599722,0.00447342478536955
"ZNF185","PI5Z_8h","PI5Z","8h",1.2752340061516,0.00694441891345092
"ZNF19","PI5Z_2h","PI5Z","2h",1.2401446461066,6.09827900327751e-05
"ZNF204P","PI5Z_24h","PI5Z","24h",-1.1081606508421,2.2889214120771e-07
"ZNF30","PI5Z_8h","PI5Z","8h",-1.00938237891581,2.27698702288745e-10
"ZNF337-AS1","PI5Z_4h","PI5Z","4h",1.27438280627207,7.98638328519875e-05
"ZNF35","PI5Z_4h","PI5Z","4h",-1.30557152557644,8.69567608322428e-15
"ZNF35","PI5Z_8h","PI5Z","8h",-1.12939736216806,1.1203931975607e-12
"ZNF407-AS1","PI5Z_24h","PI5Z","24h",-1.02537862911941,1.12102225453247e-06
"ZNF425","PI5Z_8h","PI5Z","8h",1.0707491057262,9.55421328162103e-05
"ZNF438","PI5Z_4h","PI5Z","4h",1.42821269277219,9.52656755065892e-11
"ZNF497","PI5Z_8h","PI5Z","8h",1.16729635635316,1.81716383853662e-08
"ZNF554","PI5Z_8h","PI5Z","8h",1.26961976935341,6.08109634955269e-08
"ZNF566-AS1","PI5Z_4h","PI5Z","4h",1.31973780686921,2.66109952159793e-07
"ZNF566-AS1","PI5Z_8h","PI5Z","8h",1.03448291048273,4.94658528520415e-06
"ZNF593","PI5Z_8h","PI5Z","8h",-1.03182618254245,8.79565549888065e-10
"ZNF621","PI5Z_24h","PI5Z","24h",-1.0509449715995,4.01480168749179e-11
"ZNF76","PI5Z_8h","PI5Z","8h",1.33361981282333,1.26271026290417e-11
"ZNF775","PI5Z_4h","PI5Z","4h",1.20355482071018,5.41038267244914e-06
"ZNNT1","PI5Z_8h","PI5Z","8h",1.14554212513299,0.0139398779071555
"ZSCAN12","PI5Z_24h","PI5Z","24h",-1.54628119794305,7.52084957304969e-08
"ZSCAN23","PI5Z_4h","PI5Z","4h",1.49725217071883,0.00513640117634105
